,,Id,Time,Mass,Rep,Arena,Temp,Date,Observer,Status,Distance moved Center-point Total cm,In zone Edge / Center-point Cumulative Duration s,In zone Peripheral / Center-point Cumulative Duration s,In zone Center / Center-point Cumulative Duration s,,,,,,,,,,,,,,,,,,,,,,,,,,,,,,,,,,,,,UZ,In zone 2 1 / Center-point Frequency,In zone 2 2 / Center-point Frequency,In zone 2 3 / Center-point Frequency,In zone 2 4 / Center-point Frequency,In zone 2 5 / Center-point Frequency,In zone 2 6 / Center-point Frequency,In zone 2 7 / Center-point Frequency,In zone 2 8 / Center-point Frequency,In zone 2 9 / Center-point Frequency,In zone 2 10 / Center-point Frequency,In zone 2 11 / Center-point Frequency,In zone 2 12 / Center-point Frequency,In zone 2 13 / Center-point Frequency,In zone 2 14 / Center-point Frequency,In zone 2 15 / Center-point Frequency,In zone 2 16 / Center-point Frequency,In zone 2 17 / Center-point Frequency,In zone 2 18 / Center-point Frequency,In zone 2 19 / Center-point Frequency,In zone 2 20 / Center-point Frequency,In zone 2 21 / Center-point Frequency,In zone 2 22 / Center-point Frequency,In zone 2 23 / Center-point Frequency,In zone 2 24 / Center-point Frequency,In zone 2 25 / Center-point Frequency,In zone 2 26 / Center-point Frequency,In zone 2 27 / Center-point Frequency,In zone 2 28 / Center-point Frequency,In zone 2 29 / Center-point Frequency,In zone 2 30 / Center-point Frequency,In zone 2 31 / Center-point Frequency,In zone 2 32 / Center-point Frequency,In zone 2 33 / Center-point Frequency,In zone 2 34 / Center-point Frequency,In zone 2 35 / Center-point Frequency,In zone 2 36 / Center-point Frequency,Velocity Center-point Mean cm/s
Trial     1,Arena 1,AD_CS2_147_143_38,10:42,,1,1,27,7/26/2016,JD,,169.968,207.6,3.32,-,1,1,1,1,1,1,1,0,0,0,0,1,1,0,0,0,0,1,1,0,0,0,0,1,0,0,1,0,0,1,1,1,1,1,1,1,20,2,2,2,2,2,2,2,0,0,0,0,2,2,0,0,0,0,2,1,0,0,0,0,2,0,0,1,0,0,2,1,1,1,1,1,2,0.79887
Trial     1,Arena 2,AD_CS2_134_132_147,10:42,,1,2,27,7/26/2016,JD,,622.505,199.04,9.12,0.24,1,1,1,1,1,1,1,1,1,0,1,1,1,0,0,0,1,1,1,0,0,1,1,1,1,0,0,1,1,1,1,1,1,1,1,1,28,5,6,6,7,7,6,5,1,1,0,1,7,4,0,0,0,2,6,4,0,0,1,2,5,6,0,0,1,3,6,7,5,5,5,7,6,2.92586
Trial     1,Arena 3,AD_CS2_134_132_102,10:42,,1,3,27,7/26/2016,JD,,283.423,210.28,0.76,-,1,1,1,1,1,1,1,0,0,0,0,1,1,0,0,0,0,1,1,0,0,0,0,1,1,0,0,0,1,1,1,1,1,1,1,1,21,2,2,2,2,2,2,2,0,0,0,0,2,2,0,0,0,0,2,2,0,0,0,0,3,2,0,0,0,1,4,2,2,2,3,5,5,1.32738
Trial     1,Arena 4,AD_CS2_102_114_95,10:42,,1,4,27,7/26/2016,JD,,242.794,206.48,-,-,1,1,1,1,1,1,1,0,0,0,0,1,1,0,0,0,0,1,1,0,0,0,0,1,1,0,0,0,0,1,1,1,1,1,1,1,20,2,1,1,1,1,2,2,0,0,0,0,3,2,0,0,0,0,3,2,0,0,0,0,3,2,0,0,0,0,3,3,3,3,3,3,3,1.14117
Trial     2,Arena 1,AD_CS2_102_114_91,10:58,,1,1,27,7/26/2016,JD,,231.055,204.76,-,-,1,1,1,1,1,1,1,0,0,0,0,1,1,0,0,0,0,1,1,0,0,0,0,1,1,0,0,0,0,1,1,1,1,1,1,1,20,2,2,2,2,2,2,2,0,0,0,0,2,2,0,0,0,0,2,2,0,0,0,0,2,3,0,0,0,0,2,4,2,2,2,2,2,1.1147
Trial     2,Arena 2,AD_CS2_151_143_12,10:58,,1,2,27,7/26/2016,JD,,916.413,199.6,4.24,0.56,1,1,1,1,1,1,1,1,1,0,0,1,1,1,1,0,0,1,1,1,0,1,1,1,1,1,1,1,1,1,1,1,1,1,1,1,31,4,5,6,5,6,8,5,1,1,0,0,8,5,1,1,0,0,9,6,1,0,1,1,11,7,1,1,1,1,11,9,11,12,13,12,11,4.42626
Trial     2,Arena 3,AD_CS2_102_114_57,10:58,,1,3,27,7/26/2016,JD,,297.864,197.76,6.04,-,1,1,1,1,1,1,1,0,0,0,1,1,1,0,0,0,1,1,1,0,0,0,1,1,1,1,0,1,1,1,1,1,1,1,1,1,26,3,3,3,3,3,2,3,0,0,0,1,2,3,0,0,0,1,2,3,0,0,0,1,2,3,1,0,2,2,3,4,4,3,2,1,2,1.43701
Trial     2,Arena 4,AD_CS2_151_143_19,10:58,,1,4,27,7/26/2016,JD,,196.758,42.2,0.16,-,1,1,1,1,1,1,1,0,0,0,0,1,1,0,0,0,0,1,1,0,0,0,0,1,1,1,0,0,0,1,1,1,1,1,1,1,21,2,2,2,2,2,2,2,0,0,0,0,2,2,0,0,0,0,2,2,0,0,0,0,2,2,1,0,0,0,2,1,2,1,2,3,3,4.4677
Trial     3,Arena 1,AD_CS2_102_114_83,11:14,,1,1,27,7/26/2016,JD,,333.945,197.04,1.76,-,1,1,1,1,1,1,1,1,0,0,0,1,1,1,0,0,0,1,1,0,0,0,0,1,1,0,0,0,1,1,1,1,1,1,1,1,23,4,5,5,5,5,5,4,1,0,0,0,4,4,1,0,0,0,2,2,0,0,0,0,2,1,0,0,0,1,2,2,2,2,2,2,1,1.62583
Trial     3,Arena 2,AD_CS2_151_143_18,11:14,,1,2,27,7/26/2016,JD,,158.818,201.32,4.12,-,1,1,1,1,1,1,0,0,0,0,0,1,0,0,0,0,0,1,0,0,0,0,1,1,0,0,0,0,1,1,0,0,0,0,1,1,14,2,3,3,3,3,3,0,0,0,0,0,3,0,0,0,0,0,3,0,0,0,0,1,3,0,0,0,0,1,2,0,0,0,0,1,1,0.773211
Trial     3,Arena 3,AD_CS2_134_132_100,11:14,,1,3,27,7/26/2016,JD,,260.529,203.08,0.48,0.88,1,1,1,1,1,1,1,0,0,0,0,1,1,0,1,1,1,1,1,0,0,0,0,1,1,0,0,0,0,1,1,1,1,1,1,1,23,2,3,3,3,3,3,1,0,0,0,0,3,1,0,1,1,1,4,1,0,0,0,0,4,1,0,0,0,0,4,1,1,2,3,2,3,1.2684
Trial     3,Arena 4,AD_CS2_102_114_54,11:14,,1,4,27,7/26/2016,JD,,0,11.16,-,-,0,0,0,0,0,0,0,0,0,0,0,0,0,0,0,0,0,0,0,0,0,0,0,0,0,0,0,0,0,0,1,0,0,0,0,0,1,0,0,0,0,0,0,0,0,0,0,0,0,0,0,0,0,0,0,0,0,0,0,0,0,0,0,0,0,0,0,1,0,0,0,0,0,0
Trial     4,Arena 1,AD_CS2_134_132_36,11:29,,1,1,27,7/26/2016,JD,,306.18,193.6,7.48,3.6,1,1,1,1,1,1,1,0,0,1,1,1,1,0,1,1,0,1,0,1,1,1,1,1,1,1,1,1,0,1,0,1,1,1,1,1,29,3,4,4,4,5,5,2,0,0,1,1,4,1,0,1,1,0,4,0,1,1,1,1,3,1,2,1,1,0,3,0,1,1,1,1,2,1.48372
Trial     4,Arena 2,AD_CS2_151_143_20,11:29,,1,2,27,7/26/2016,JD,D,NA,NA,NA,NA,1,1,1,1,1,1,1,1,1,1,1,1,1,1,1,1,1,1,1,1,1,1,1,1,1,1,1,1,1,1,1,1,1,1,1,1,36,NA,NA,NA,NA,NA,NA,NA,NA,NA,NA,NA,NA,NA,NA,NA,NA,NA,NA,NA,NA,NA,NA,NA,NA,NA,NA,NA,NA,NA,NA,NA,NA,NA,NA,NA,NA,NA
Trial     4,Arena 3,AD_CS2_147_143_126,11:29,,1,3,27,7/26/2016,JD,,275.642,201,2.68,1.28,1,1,1,1,1,1,1,0,0,0,0,1,1,0,1,1,1,1,1,1,1,0,1,1,1,1,0,0,0,1,1,1,1,1,1,1,27,2,2,2,2,2,3,2,0,0,0,0,3,2,0,1,1,1,2,2,1,1,0,1,3,2,1,0,0,0,3,2,3,3,3,3,3,1.33573
Trial     4,Arena 4,AD_CS2_151_143_6,11:29,,1,4,27,7/26/2016,JD,,594.965,187.32,7.64,0.12,1,1,1,1,1,1,1,0,1,1,0,1,1,1,1,0,0,1,1,1,0,0,0,1,1,1,1,1,1,1,1,1,1,1,1,1,29,7,5,5,6,6,5,9,0,1,1,0,5,9,1,1,0,0,5,9,2,0,0,0,4,7,2,1,1,1,4,4,3,3,3,3,3,2.88314
Trial     5,Arena 1,AD_CS2_147_143_106,10:40,,1,1,26,7/27/2016,JD,,86.8372,200.76,9.28,-,1,1,1,1,1,0,0,0,0,0,1,1,0,0,0,0,0,1,0,0,0,0,0,1,0,0,0,1,1,1,1,1,1,1,1,1,18,1,1,1,1,1,0,0,0,0,0,1,1,0,0,0,0,0,1,0,0,0,0,0,1,0,0,0,1,1,1,1,1,1,1,1,1,0.413511
Trial     5,Arena 2,AD_CS2_102_114_97,10:40,,1,2,26,7/27/2016,JD,,0,210.04,-,-,0,0,0,0,0,0,0,0,0,0,0,0,0,0,0,0,0,0,0,0,0,0,0,0,0,0,0,0,0,0,1,0,0,0,0,0,1,0,0,0,0,0,0,0,0,0,0,0,0,0,0,0,0,0,0,0,0,0,0,0,0,0,0,0,0,0,0,1,0,0,0,0,0,0
Trial     5,Arena 3,AD_CS2_134_132_103,10:40,,1,3,26,7/27/2016,JD,,376.36,180.68,8.12,-,1,1,1,1,1,1,1,0,0,0,1,1,1,0,0,0,1,1,1,0,0,0,1,1,1,1,1,1,0,1,1,1,1,1,1,1,26,3,3,3,4,6,4,3,0,0,0,2,3,3,0,0,0,1,3,3,0,0,0,1,4,3,1,1,1,0,4,3,3,3,4,4,4,1.94965
Trial     5,Arena 4,AD_CS2_151_143_15,10:40,,1,4,26,7/27/2016,JD,,28.5391,210.04,-,-,0,0,0,0,0,0,0,0,0,0,0,0,0,0,0,0,0,0,0,0,0,0,0,0,0,0,0,0,0,0,1,1,1,1,1,1,6,0,0,0,0,0,0,0,0,0,0,0,0,0,0,0,0,0,0,0,0,0,0,0,0,0,0,0,0,0,0,1,1,1,1,1,1,0.135901
Trial     6,Arena 1,AD_CS2_134_132_104,10:54,,1,1,27,7/27/2016,JD,,0,208.44,-,-,0,0,0,0,0,0,0,0,0,0,0,0,0,0,0,0,0,0,0,0,0,0,0,0,0,0,0,0,0,0,1,0,0,0,0,0,1,0,0,0,0,0,0,0,0,0,0,0,0,0,0,0,0,0,0,0,0,0,0,0,0,0,0,0,0,0,0,1,0,0,0,0,0,0
Trial     6,Arena 2,AD_CS2_151_143_21,10:54,,1,2,27,7/27/2016,JD,,75.8457,207.52,-,-,1,1,1,1,1,1,0,0,0,0,0,1,0,0,0,0,0,1,0,0,0,0,0,0,0,0,0,0,0,0,0,0,0,0,0,0,8,1,2,2,2,2,3,0,0,0,0,0,2,0,0,0,0,0,1,0,0,0,0,0,0,0,0,0,0,0,0,0,0,0,0,0,0,0.365557
Trial     6,Arena 3,AD_CS2_147_143_131,10:54,,1,3,27,7/27/2016,JD,,242.795,207.04,-,-,1,1,1,1,1,1,1,0,0,0,0,1,1,0,0,0,0,1,1,0,0,0,0,1,1,0,0,0,0,1,1,1,1,1,1,1,20,2,2,2,2,2,2,2,0,0,0,0,2,2,0,0,0,0,2,2,0,0,0,0,2,2,0,0,0,0,2,3,3,3,3,4,3,1.16504
Trial     6,Arena 4,AD_CS2_102_114_81,10:54,,1,4,27,7/27/2016,JD,,480.452,168.64,9.84,3.92,1,1,1,1,1,1,1,0,0,1,1,1,1,0,0,0,1,1,1,1,1,1,1,1,1,0,1,1,1,1,1,1,1,1,1,1,30,5,6,5,4,3,3,3,0,0,1,1,4,4,0,0,0,1,6,6,2,2,1,1,7,5,0,1,3,3,4,5,4,4,4,2,1,2.58307
Trial     7,Arena 1,AD_CS2_147_143_133,11:16,,1,1,27,7/27/2016,JD,,142.759,200.68,3.84,1.52,1,1,1,1,1,1,1,1,1,0,0,1,0,0,1,1,0,1,0,0,0,1,1,1,0,0,0,0,0,0,0,0,0,0,0,0,16,2,2,4,3,2,2,1,1,1,0,0,1,0,0,1,1,0,1,0,0,0,1,1,1,0,0,0,0,0,0,0,0,0,0,0,0,0.694219
Trial     7,Arena 2,AD_CS2_147_143_108,11:16,,1,2,27,7/27/2016,JD,,207.626,174.56,14.56,16.04,1,1,1,1,1,1,1,0,1,1,1,1,1,0,1,1,1,1,1,0,1,0,1,1,1,0,0,0,1,1,1,0,0,1,1,1,27,1,1,1,3,3,2,1,0,1,2,1,2,1,0,1,1,2,3,1,0,1,0,1,3,1,0,0,0,2,4,1,0,0,1,2,2,1.00966
Trial     7,Arena 3,AD_CS2_102_114_51,11:16,,1,3,27,7/27/2016,JD,,476.777,178.8,0.52,-,1,1,1,1,1,1,1,0,0,0,1,1,1,0,0,0,0,1,1,0,0,0,0,1,1,0,0,0,0,1,1,1,1,1,1,1,21,5,5,5,5,4,4,5,0,0,0,1,6,5,0,0,0,0,5,5,0,0,0,0,4,5,0,0,0,0,4,5,4,4,4,4,4,2.57106
Trial     7,Arena 4,AD_CS2_147_143_132,11:16,,1,4,27,7/27/2016,JD,,155.268,205.2,-,-,1,1,1,1,1,1,1,0,0,0,0,1,1,0,0,0,0,1,1,0,0,0,0,1,1,0,0,0,0,1,1,1,1,1,1,1,20,1,1,1,1,1,2,1,0,0,0,0,2,1,0,0,0,0,2,1,0,0,0,0,2,1,0,0,0,0,2,2,2,2,2,2,2,0.755049
Trial     8,Arena 1,AD_CS2_151_143_13,10:15,,1,1,26,7/28/2016,AW,,560.094,193.76,6.84,0.8,1,1,1,1,1,1,1,1,1,1,1,1,1,1,0,1,0,1,1,1,0,1,1,1,1,1,0,0,0,1,1,1,1,1,1,1,30,7,7,6,7,7,7,6,1,1,2,1,6,5,1,0,1,0,5,4,1,0,1,1,5,3,2,0,0,0,4,2,4,4,3,2,3,2.70891
Trial     8,Arena 2,AD_CS2_151_143_17,10:15,,1,2,26,7/28/2016,AW,,230.154,201.36,5.44,-,0,1,1,1,1,1,0,0,0,0,0,1,0,0,0,0,0,1,0,0,0,0,0,1,1,1,1,1,1,1,1,0,0,1,1,1,18,0,1,2,3,4,4,0,0,0,0,0,4,0,0,0,0,0,4,0,0,0,0,0,4,1,1,1,1,1,5,1,0,0,1,3,4,1.11314
Trial     8,Arena 3,AD_CS2_151_143_5,10:15,,1,3,26,7/28/2016,AW,,348.273,195.2,3.32,1.36,1,1,1,1,1,1,1,0,1,1,1,1,1,0,0,1,0,1,1,0,1,1,0,1,1,0,1,0,0,1,1,1,1,1,1,1,27,3,3,2,1,2,3,3,0,1,2,2,3,3,0,0,1,0,2,3,0,1,1,0,2,3,0,1,0,0,2,4,5,5,4,4,3,1.71462
Trial     8,Arena 4,AD_CS2_147_143_113,10:15,,1,4,26,7/28/2016,AW,,325.256,168.08,22.56,13.08,1,1,1,1,1,1,1,0,1,0,0,1,1,1,1,1,1,1,1,1,1,0,1,1,1,1,1,1,1,1,1,1,1,1,1,1,32,3,2,3,2,2,2,2,0,2,0,0,2,2,2,3,1,2,3,1,2,2,0,2,4,1,1,2,1,2,4,1,1,2,3,5,4,1.57311
Trial     9,Arena 1,AD_CS2_147_143_115,10:38,,1,1,26,7/28/2016,AW,,373.289,186.72,13.48,8.68,1,1,1,1,1,1,1,0,1,0,1,1,1,0,1,1,1,1,1,0,1,1,1,1,1,0,1,0,1,1,1,1,1,1,1,1,30,2,2,2,1,3,3,2,0,1,0,2,4,2,0,1,1,1,4,2,0,2,2,2,4,2,0,1,0,1,2,3,4,4,4,4,3,1.75451
Trial     9,Arena 2,AD_CS2_151_143_34,10:38,,1,2,26,7/28/2016,AW,,320.364,203.36,6,-,1,1,1,1,1,1,1,1,1,1,0,1,1,1,0,0,1,1,1,0,0,0,0,1,1,0,0,0,0,1,1,1,1,1,1,1,25,2,3,4,4,4,5,1,1,1,1,0,5,2,1,0,0,1,4,2,0,0,0,0,2,2,0,0,0,0,2,3,3,2,2,2,2,1.50491
Trial     9,Arena 3,AD_CS2_151_143_33,10:38,,1,3,26,7/28/2016,AW,,251.641,191.2,16.44,3.6,1,1,1,1,1,1,1,0,1,1,1,1,1,0,1,0,0,1,1,0,1,0,1,1,1,1,1,1,1,1,1,1,1,1,1,1,30,2,2,2,2,2,2,2,0,1,1,1,2,2,0,1,0,0,2,3,0,1,0,1,2,3,2,1,2,2,1,2,1,2,2,1,1,1.18208
Trial     9,Arena 4,AD_CS2_102_114_96,10:38,,1,4,26,7/28/2016,AW,,500.751,161.96,30.44,13.84,1,1,1,1,0,0,1,1,1,1,1,1,1,1,1,1,0,1,1,1,1,1,1,1,1,1,1,1,1,1,1,1,1,1,1,1,33,3,4,3,2,0,0,4,4,3,3,1,1,4,3,4,1,0,2,6,2,3,1,1,2,6,2,3,2,1,2,5,6,6,6,5,4,2.32734
Trial    10,Arena 1,AD_CS2_134_132_156,11:03,,1,1,26,7/28/2016,AW,,374.697,194.72,6.36,-,1,1,1,1,1,1,1,0,0,1,0,1,1,0,0,0,0,1,1,0,0,0,0,1,1,1,0,0,0,1,1,1,1,1,1,1,22,6,5,4,4,4,2,7,0,0,1,0,1,7,0,0,0,0,1,7,0,0,0,0,1,7,1,0,0,0,1,4,2,1,1,1,1,1.80421
Trial    10,Arena 2,AD_CS2_151_143_14,11:03,,1,2,26,7/28/2016,AW,D,NA,NA,NA,NA,1,1,1,1,1,1,1,1,1,1,1,1,1,1,1,1,1,1,1,1,1,1,1,1,1,1,1,1,1,1,1,1,1,1,1,1,36,NA,NA,NA,NA,NA,NA,NA,NA,NA,NA,NA,NA,NA,NA,NA,NA,NA,NA,NA,NA,NA,NA,NA,NA,NA,NA,NA,NA,NA,NA,NA,NA,NA,NA,NA,NA,NA
Trial    10,Arena 3,AD_CS2_134_132_23,11:03,,1,3,26,7/28/2016,AW,,482.676,186.16,3.64,1.16,1,1,1,1,1,1,1,0,0,0,0,1,1,0,0,0,1,1,1,0,1,1,1,1,1,1,1,0,0,1,1,1,1,1,1,1,26,4,3,3,3,3,3,5,0,0,0,0,2,6,0,0,0,1,3,6,0,1,1,1,5,7,1,1,0,0,5,7,6,5,5,5,5,2.4299
Trial    10,Arena 4,AD_CS2_134_132_146,11:03,,1,4,26,7/28/2016,AW,,474.138,170.12,1.96,-,1,1,1,1,1,1,1,0,0,1,0,1,1,0,0,0,1,1,1,0,0,0,0,1,1,0,0,0,0,1,1,1,1,1,1,1,22,4,3,2,3,3,3,4,0,0,1,0,3,4,0,0,0,1,3,5,0,0,0,0,4,6,0,0,0,0,5,6,5,5,6,7,7,2.65475
Trial    11,Arena 1,AD_CS2_151_143_4,11:22,,1,1,27,7/28/2016,AW,,206.271,193.76,6.44,-,1,1,1,1,1,1,1,0,0,0,1,1,1,0,0,0,0,1,1,0,0,0,0,1,1,1,1,1,1,1,1,1,1,1,1,1,25,2,2,2,2,2,1,2,0,0,0,1,2,2,0,0,0,0,1,2,0,0,0,0,1,2,1,1,1,1,2,2,2,2,2,2,2,1.00307
Trial    11,Arena 2,AD_CS2_147_143_142,11:22,,1,2,27,7/28/2016,AW,,101.622,205.68,-,-,0,1,1,1,1,1,0,0,0,0,0,1,0,0,0,0,0,1,0,0,0,0,0,1,0,0,0,0,0,1,1,1,1,1,1,1,15,0,1,2,2,2,2,0,0,0,0,0,2,0,0,0,0,0,1,0,0,0,0,0,1,0,0,0,0,0,1,1,1,1,1,1,1,0.494176
Trial    11,Arena 3,AD_CS2_134_132_31,11:22,,1,3,27,7/28/2016,AW,,328.759,167.56,6.56,1.76,1,1,1,1,1,0,1,1,1,0,1,1,1,0,1,1,1,1,1,0,0,0,0,1,1,0,0,0,0,1,1,1,1,1,1,1,25,2,1,1,1,1,0,5,1,1,0,1,2,5,0,1,1,1,4,4,0,0,0,0,4,4,0,0,0,0,4,4,4,4,4,4,4,1.71981
Trial    11,Arena 4,AD_CS2_134_132_154,11:22,,1,4,27,7/28/2016,AW,,325.627,143.6,25.64,32.6,1,1,1,1,1,1,1,1,0,1,1,1,1,1,1,1,1,1,1,0,1,1,1,1,1,0,0,1,1,1,1,1,1,1,1,1,32,3,3,2,2,4,4,3,1,0,1,2,3,3,1,1,1,1,3,3,0,1,1,1,3,3,0,0,1,2,2,2,1,1,1,2,3,1.58348
Trial    12,Arena 1,AD_CS2_102_114_52,11:35,,1,1,27,7/28/2016,AW,,586.482,183.2,9.32,2.48,1,1,1,1,1,1,1,0,1,0,0,1,1,1,1,0,0,1,1,1,1,0,1,1,1,1,1,1,1,1,1,1,1,1,1,1,30,4,2,3,3,3,3,6,0,1,0,0,3,8,2,1,0,0,3,12,3,2,0,1,3,10,2,1,1,3,2,4,4,3,3,6,4,2.84258
Trial    12,Arena 2,AD_CS2_147_143_136,11:35,,1,2,27,7/28/2016,AW,,548.913,182.24,6.32,4.76,1,1,1,1,1,1,1,0,1,0,0,1,1,1,1,0,1,1,1,1,1,1,1,1,1,0,0,0,0,1,1,1,1,1,1,1,28,3,4,5,4,4,5,4,0,1,0,0,7,7,2,1,0,1,8,6,1,1,1,1,6,4,0,0,0,0,5,4,4,4,4,4,4,2.73964
Trial    12,Arena 3,AD_CS2_102_114_67,11:35,,1,3,27,7/28/2016,AW,I,402.438,187.04,2.44,-,1,1,1,1,1,1,1,0,0,0,0,1,1,0,0,0,0,1,1,0,0,0,1,1,1,0,1,1,1,1,1,1,1,1,1,1,24,5,4,4,3,6,12,6,0,0,0,0,4,4,0,0,0,0,4,4,0,0,0,1,4,4,0,1,1,1,3,4,4,4,3,3,3,2.09254
Trial    12,Arena 4,AD_CS2_102_114_76,11:35,,1,4,27,7/28/2016,AW,,372.499,190.44,3.04,1.12,1,1,1,1,1,1,1,0,0,1,0,1,1,1,1,0,0,1,1,0,0,0,0,1,1,0,0,0,1,1,1,1,1,1,1,1,24,2,1,1,1,1,2,3,0,0,1,0,3,7,4,3,0,0,3,6,0,0,0,0,3,4,0,0,0,1,3,4,3,3,3,3,2,1.80544
Trial    33,Arena 1,AD_CS2_134_132_143,10:46,,1,1,26,7/29/2016,JD,,377.49,178.88,20.4,3.48,1,1,1,1,1,1,1,1,0,0,1,1,1,1,1,0,0,1,1,1,1,0,0,1,1,1,1,1,1,1,1,1,1,1,1,1,30,3,3,3,3,3,2,3,1,0,0,1,3,2,1,1,0,0,3,2,1,2,0,0,3,4,1,3,3,1,3,4,3,2,4,5,4,1.84573
Trial    33,Arena 2,AD_CS2_134_132_105,10:46,,1,2,26,7/29/2016,JD,,422.591,191.08,5.64,2.64,1,1,1,1,1,1,1,1,0,0,0,1,1,0,0,0,1,1,1,1,1,1,1,1,1,1,0,0,1,1,1,1,1,1,1,1,28,4,5,5,5,4,4,5,1,0,0,0,4,5,0,0,0,1,4,6,2,1,1,1,3,4,1,0,0,1,3,2,2,2,2,3,3,2.08296
Trial    33,Arena 3,AD_CS2_147_143_141,10:46,,1,3,26,7/29/2016,JD,,298.903,188.84,7.76,2.16,1,1,1,1,1,1,1,0,0,0,0,1,1,0,0,0,0,1,1,0,0,1,1,1,1,1,1,1,0,1,1,1,1,1,1,1,25,2,1,1,1,1,1,3,0,0,0,0,1,3,0,0,0,0,1,3,0,0,1,1,2,4,1,1,2,0,3,5,5,4,5,5,5,1.46263
Trial    33,Arena 4,AD_CS2_151_143_11,10:46,,1,4,26,7/29/2016,JD,,327.853,202.36,-,-,1,1,1,1,1,1,1,0,0,0,0,1,1,0,0,0,0,1,1,0,0,0,0,1,1,0,0,0,0,1,1,1,1,1,1,1,20,3,3,3,3,3,3,3,0,0,0,0,3,3,0,0,0,0,3,3,0,0,0,0,3,3,0,0,0,0,3,4,3,4,4,4,4,1.60586
Trial    34,Arena 1,AD_CS2_134_132_35,11:01,,1,1,26,7/29/2016,JD,,318.724,147.76,45.68,11.64,1,1,1,1,1,1,1,1,1,1,1,1,1,1,1,1,1,0,1,1,1,0,1,1,1,1,0,0,0,1,1,1,1,1,1,1,31,4,4,3,3,3,2,5,5,3,2,2,1,3,2,3,2,2,0,2,1,1,0,1,1,1,1,0,0,0,1,2,1,1,1,1,1,1.54961
Trial    34,Arena 2,AD_CS2_102_114_62,11:01,,1,2,26,7/29/2016,JD,,239.167,196.4,-,-,1,1,1,1,1,1,1,0,0,0,0,1,1,0,0,0,0,1,1,0,0,0,0,1,1,0,0,0,0,1,1,1,1,1,1,1,20,3,3,2,2,2,2,2,0,0,0,0,2,2,0,0,0,0,2,2,0,0,0,0,2,2,0,0,0,0,2,2,2,2,2,2,2,1.16281
Trial    34,Arena 3,AD_CS2_134_132_29,11:01,,1,3,26,7/29/2016,JD,,405.721,195.96,7.88,-,1,1,1,1,1,1,1,0,0,0,0,1,1,0,0,0,0,1,1,0,0,0,0,1,1,1,0,0,1,1,1,1,1,1,1,1,22,4,3,3,3,3,4,4,0,0,0,0,5,3,0,0,0,0,5,3,0,0,0,0,5,3,1,0,0,1,6,3,4,4,4,4,4,1.97182
Trial    34,Arena 4,AD_CS2_134_132_151,11:01,,1,4,26,7/29/2016,JD,,0,205.72,-,-,0,0,0,0,0,0,0,0,0,0,0,0,0,0,0,0,0,0,0,0,0,0,0,0,0,0,0,0,0,0,1,0,0,0,0,0,1,0,0,0,0,0,0,0,0,0,0,0,0,0,0,0,0,0,0,0,0,0,0,0,0,0,0,0,0,0,0,1,0,0,0,0,0,0
Trial    35,Arena 1,AD_CS2_147_143_122,11:14,,1,1,26,7/29/2016,JD,,294.411,197.36,4.76,-,1,1,1,1,1,1,1,0,0,0,0,1,1,0,0,0,0,1,1,0,0,0,0,1,1,1,0,1,1,1,1,1,1,1,1,1,23,3,3,3,3,3,3,3,0,0,0,0,2,4,0,0,0,0,2,4,0,0,0,0,2,5,2,0,1,1,3,2,2,2,2,1,2,1.39267
Trial    35,Arena 2,AD_CS2_147_143_130,11:14,,1,2,26,7/29/2016,JD,,204.208,162.64,8.12,36.48,1,1,1,1,1,1,1,0,0,1,0,1,1,0,0,1,0,1,1,1,1,1,1,1,1,0,0,1,1,1,0,0,0,0,1,1,24,2,3,3,4,4,3,2,0,0,1,0,2,1,0,0,1,0,2,2,1,1,2,1,2,1,0,0,1,1,1,0,0,0,0,1,1,0.970204
Trial    35,Arena 3,AD_CS2_147_143_129,11:14,,1,3,26,7/29/2016,JD,,253.073,181.96,20.12,3.84,1,1,1,1,1,1,1,1,1,1,1,1,1,1,1,1,0,1,1,1,0,1,0,1,0,1,1,1,1,1,1,1,1,1,1,1,32,3,3,3,4,4,4,3,1,1,1,1,3,2,2,1,1,0,1,2,1,0,1,0,1,0,1,1,1,1,2,1,1,2,2,1,1,1.19713
Trial    35,Arena 4,AD_CS2_151_143_9,11:14,,1,4,26,7/29/2016,JD,,593.569,182.28,13.32,7.32,1,1,1,1,1,1,1,0,0,0,1,1,1,1,1,1,1,1,1,0,0,1,1,1,1,1,1,1,1,1,1,1,1,1,1,1,31,4,4,4,4,4,4,4,0,0,0,2,6,5,1,1,1,1,5,5,0,0,1,1,6,5,1,1,2,2,6,6,6,5,6,6,6,2.8078
Trial    36,Arena 1,AD_CS2_151_143_32,10:50,,1,1,27,8/2/2016,JD,,418.655,201.96,-,-,1,1,1,1,1,1,1,0,0,0,0,1,1,0,0,0,0,1,1,0,0,0,0,1,1,0,0,0,0,1,1,1,1,1,1,1,20,5,5,5,5,6,5,5,0,0,0,0,4,4,0,0,0,0,4,4,0,0,0,0,4,4,0,0,0,0,4,3,2,2,2,2,3,2.04461
Trial    36,Arena 2,AD_CS2_134_132_155,10:50,,1,2,27,8/2/2016,JD,,0,202.96,-,-,0,0,0,0,0,0,0,0,0,0,0,0,0,0,0,0,0,0,0,0,0,0,0,0,0,0,0,0,0,0,1,0,0,0,0,0,1,0,0,0,0,0,0,0,0,0,0,0,0,0,0,0,0,0,0,0,0,0,0,0,0,0,0,0,0,0,0,1,0,0,0,0,0,0
Trial    36,Arena 3,AD_CS2_134_132_153,10:50,,1,3,27,8/2/2016,JD,,496.64,194.96,3.84,1.04,1,1,1,1,1,1,1,1,0,0,1,1,1,1,1,1,1,1,1,0,0,0,1,1,1,0,0,0,0,1,1,1,1,1,1,1,27,5,6,5,5,5,4,5,1,0,0,1,4,6,1,1,1,2,4,6,0,0,0,1,4,5,0,0,0,0,4,4,4,4,3,3,4,2.42548
Trial    36,Arena 4,AD_CS2_102_114_88,10:50,,1,4,27,8/2/2016,JD,,0,204.8,-,-,0,0,0,0,0,0,0,0,0,0,0,0,0,0,0,0,0,0,0,0,0,0,0,0,0,0,0,0,0,0,1,0,0,0,0,0,1,0,0,0,0,0,0,0,0,0,0,0,0,0,0,0,0,0,0,0,0,0,0,0,0,0,0,0,0,0,0,1,0,0,0,0,0,0
Trial    37,Arena 1,AD_CS2_102_114_93,11:09,,1,1,27,8/2/2016,JD,,417.725,201.6,5.2,1.68,1,1,1,1,1,1,1,0,0,0,0,1,1,1,1,1,1,1,1,1,1,0,1,1,1,0,1,1,0,1,1,1,1,1,1,1,29,3,4,4,4,4,5,2,0,0,0,0,6,1,1,1,1,1,6,2,1,1,0,1,6,2,0,1,1,0,5,2,2,2,3,4,5,1.99563
Trial    37,Arena 2,AD_CS2_102_114_98,11:09,,1,2,27,8/2/2016,JD,,7.16189,205.92,-,-,0,0,0,0,0,0,0,0,0,0,0,0,0,0,0,0,0,0,0,0,0,0,0,0,0,0,0,0,0,1,0,0,0,0,0,1,2,0,0,0,0,0,0,0,0,0,0,0,0,0,0,0,0,0,0,0,0,0,0,0,0,0,0,0,0,0,1,0,0,0,0,0,1,0.0347867
Trial    37,Arena 3,AD_CS2_151_143_22,11:09,,1,3,27,8/2/2016,JD,,654.368,199.96,4.16,3.12,1,1,1,1,1,1,1,1,0,0,1,1,1,1,1,1,1,1,1,1,1,1,1,1,1,0,0,0,1,1,1,1,1,1,1,1,31,6,7,7,7,7,5,5,1,0,0,1,7,4,1,2,2,1,7,5,1,1,2,2,6,5,0,0,0,1,7,5,5,5,5,5,6,3.12616
Trial    37,Arena 4,AD_CS2_134_132_37,11:09,,1,4,27,8/2/2016,JD,,246.339,125.52,48.88,2.6,1,1,1,1,1,1,0,1,1,1,1,1,0,1,0,1,1,1,0,1,1,0,0,1,0,1,1,0,1,1,0,1,1,1,1,1,27,1,3,3,3,3,3,0,2,1,2,1,3,0,1,0,1,1,3,0,1,1,0,0,3,0,1,1,0,1,2,0,2,2,2,4,3,1.39206
Trial    38,Arena 1,AD_CS2_102_114_73,11:23,,1,1,27,8/2/2016,JD,,430.779,182.08,9.92,2.04,1,1,1,1,1,1,1,1,1,1,1,1,1,1,0,1,1,1,1,1,1,1,1,1,1,1,1,0,1,1,0,1,1,1,1,1,33,3,3,4,5,6,5,4,2,1,1,1,6,4,2,0,1,1,5,2,1,1,1,1,4,1,1,3,0,1,5,0,1,1,3,4,6,2.16951
Trial    38,Arena 2,AD_CS2_102_114_45,11:23,,1,2,27,8/2/2016,JD,,0,198,-,-,0,0,0,0,0,0,0,0,0,0,0,0,0,0,0,0,0,0,0,0,0,0,0,0,0,0,0,0,0,0,1,0,0,0,0,0,1,0,0,0,0,0,0,0,0,0,0,0,0,0,0,0,0,0,0,0,0,0,0,0,0,0,0,0,0,0,0,1,0,0,0,0,0,0
Trial    38,Arena 3,AD_CS2_151_143_3,11:23,,1,3,27,8/2/2016,JD,,667.711,180.16,11.48,8.92,1,1,1,1,1,1,1,1,1,1,1,1,1,0,1,1,1,1,1,0,1,1,1,1,1,1,1,1,0,1,1,1,1,1,1,1,33,5,5,6,9,10,8,4,2,3,3,1,7,3,0,5,5,2,7,3,0,2,3,1,5,4,3,1,2,0,4,3,6,5,6,6,5,3.36277
Trial    38,Arena 4,AD_CS2_102_114_69,11:23,,1,4,27,8/2/2016,JD,,0,50.16,-,-,0,0,0,0,0,0,0,0,0,0,0,0,0,0,0,0,0,0,0,0,0,0,0,0,0,0,0,0,0,0,1,0,0,0,0,0,1,0,0,0,0,0,0,0,0,0,0,0,0,0,0,0,0,0,0,0,0,0,0,0,0,0,0,0,0,0,0,1,0,0,0,0,0,0
Trial    39,Arena 1,AD_CS2_147_143_128,10:01,,1,1,27,8/3/2016,JD,,204.934,181.84,16,-,1,1,1,1,1,1,1,1,0,0,0,1,1,0,0,0,0,1,1,1,0,0,0,1,1,1,0,0,0,1,1,1,1,1,1,1,23,2,2,1,1,1,1,2,1,0,0,0,1,2,0,0,0,0,1,3,1,0,0,0,1,6,3,0,0,0,1,3,2,1,1,1,1,1.02262
Trial    39,Arena 2,AD_CS2_147_143_140,10:01,,1,2,27,8/3/2016,JD,,229.016,166.8,4.92,5.48,1,1,1,1,1,1,1,0,0,1,0,1,1,0,1,1,0,1,1,0,1,0,0,1,1,0,1,1,1,1,0,0,0,1,1,1,24,2,2,2,3,3,3,2,0,0,1,0,3,2,0,1,1,0,3,1,0,1,0,0,3,1,0,1,2,1,2,0,0,0,2,2,2,1.22103
Trial    39,Arena 3,AD_CS2_147_143_114,10:01,,1,3,27,8/3/2016,JD,,418.832,182.92,13.56,0.92,1,1,1,1,1,1,1,1,1,1,0,1,1,1,0,0,1,1,1,1,1,0,1,1,1,0,1,1,1,1,1,1,1,1,1,1,31,3,3,3,4,3,3,4,1,1,2,0,3,4,2,0,0,1,4,3,1,1,0,2,4,3,0,2,4,3,3,4,4,4,4,4,3,2.08914
Trial    39,Arena 4,AD_CS2_151_143_30,10:01,,1,4,27,8/3/2016,JD,,768.552,179,6.64,1.72,1,1,1,1,1,1,1,1,1,1,1,1,1,1,1,1,1,1,1,1,1,1,0,1,1,1,1,1,0,1,1,1,1,1,1,1,34,5,5,5,6,8,10,6,1,1,2,2,11,5,2,2,1,1,10,3,1,1,1,0,11,3,1,1,1,0,11,3,4,6,7,8,10,4.05355
Trial    40,Arena 1,AD_CS2_134_132_27,10:16,,1,1,27,8/3/2016,JD,,401.241,161.44,32.24,3.28,1,1,1,1,1,1,1,0,0,0,1,1,1,0,0,0,1,1,1,1,1,1,1,1,1,1,1,1,1,1,1,1,1,1,1,1,30,4,4,4,4,4,4,4,0,0,0,2,6,4,0,0,0,1,5,4,1,2,2,2,4,4,2,3,1,1,2,4,3,1,1,1,2,2.00701
Trial    40,Arena 2,AD_CS2_102_114_44,10:16,,1,2,27,8/3/2016,JD,,0,0.72,-,-,0,0,0,0,0,0,0,0,0,0,0,0,0,0,0,0,0,0,0,0,0,0,0,0,1,0,0,0,0,0,0,0,0,0,0,0,1,0,0,0,0,0,0,0,0,0,0,0,0,0,0,0,0,0,0,0,0,0,0,0,0,1,0,0,0,0,0,0,0,0,0,0,0,0
Trial    40,Arena 3,AD_CS2_147_143_134,10:16,,1,3,27,8/3/2016,JD,,386.91,177.88,11.04,-,1,1,1,1,1,1,1,1,1,0,1,1,1,0,0,0,1,1,1,1,0,0,1,1,1,1,0,0,1,1,1,1,1,1,1,1,28,4,4,4,4,4,3,4,1,1,0,2,4,4,0,0,0,1,3,3,1,0,0,1,3,1,1,0,0,1,3,3,5,4,4,4,3,1.93533
Trial    40,Arena 4,AD_CS2_147_143_137,10:16,,1,4,27,8/3/2016,JD,D,NA,NA,NA,NA,1,1,1,1,1,1,1,1,1,1,1,1,1,1,1,1,1,1,1,1,1,1,1,1,1,1,1,1,1,1,1,1,1,1,1,1,36,NA,NA,NA,NA,NA,NA,NA,NA,NA,NA,NA,NA,NA,NA,NA,NA,NA,NA,NA,NA,NA,NA,NA,NA,NA,NA,NA,NA,NA,NA,NA,NA,NA,NA,NA,NA,NA
Trial    41,Arena 1,AD_CS2_113_99_183,10:36,,1,1,27,8/3/2016,JD,,354.915,180.4,21.88,-,1,1,1,1,1,1,1,0,0,0,0,1,1,0,0,0,0,1,1,0,0,0,0,1,1,1,1,0,1,1,1,1,1,1,1,1,23,4,4,4,4,4,4,4,0,0,0,0,3,4,0,0,0,0,2,4,0,0,0,0,2,5,1,1,0,2,2,4,2,3,3,5,2,1.67697
Trial    41,Arena 2,AD_CS2_113_99_216,10:36,,1,2,27,8/3/2016,JD,,0,207.08,-,-,0,0,0,0,0,0,0,0,0,0,0,0,0,0,0,0,0,0,0,0,0,0,0,0,0,0,0,0,0,0,1,0,0,0,0,0,1,0,0,0,0,0,0,0,0,0,0,0,0,0,0,0,0,0,0,0,0,0,0,0,0,0,0,0,0,0,0,1,0,0,0,0,0,0
Trial    41,Arena 3,AD_CS2_113_99_175,10:36,,1,3,27,8/3/2016,JD,I,1.00111,13.04,-,-,0,0,0,0,0,0,0,0,0,0,0,0,0,0,0,0,0,0,0,0,0,0,0,0,0,0,0,0,0,0,1,0,0,0,0,0,1,0,0,0,0,0,0,0,0,0,0,0,0,0,0,0,0,0,0,0,0,0,0,0,0,0,0,0,0,0,0,1,0,0,0,0,0,0.077726
Trial    41,Arena 4,AD_CS2_113_99_221,10:36,,1,4,27,8/3/2016,JD,,427.06,181.88,8.2,5.84,1,1,1,1,1,1,1,0,1,1,0,1,1,1,1,0,0,1,1,0,1,0,0,1,1,0,1,1,1,1,1,1,1,1,1,1,28,3,3,3,3,3,3,3,0,1,1,0,3,4,1,2,0,0,3,4,0,2,0,0,3,4,0,2,2,1,4,4,4,4,6,6,5,2.01786
Trial    42,Arena 1,AD_CS2_113_99_212,10:54,,1,1,27,8/3/2016,JD,,537.639,161.56,23.4,7.88,1,1,1,1,1,1,1,1,1,1,1,1,1,1,1,1,1,1,1,1,1,1,1,1,1,1,0,1,1,1,1,1,1,1,1,1,35,3,4,4,4,4,4,4,3,3,1,2,5,5,2,3,1,1,5,5,2,2,1,5,6,3,1,0,2,5,4,3,3,3,4,5,4,2.73357
Trial    42,Arena 2,AD_CS2_113_99_160,10:54,,1,2,27,8/3/2016,JD,,0,196.72,-,-,0,0,0,0,0,0,0,0,0,0,0,0,0,0,0,0,0,0,0,0,0,0,0,0,0,0,0,0,0,0,1,0,0,0,0,0,1,0,0,0,0,0,0,0,0,0,0,0,0,0,0,0,0,0,0,0,0,0,0,0,0,0,0,0,0,0,0,1,0,0,0,0,0,0
Trial    42,Arena 3,AD_CS2_113_99_170,10:54,,1,3,27,8/3/2016,JD,,521.987,118.88,31.52,-,1,1,1,1,1,1,1,1,1,1,1,1,1,1,0,0,1,1,1,0,0,0,1,1,1,0,0,0,1,1,1,1,1,1,1,1,28,1,3,3,1,3,3,4,5,5,6,6,6,5,1,0,0,1,5,5,0,0,0,1,3,5,0,0,0,1,4,6,6,6,6,7,6,3.36852
Trial    42,Arena 4,AD_CS2_113_99_182,10:54,,1,4,27,8/3/2016,JD,,400.618,192.88,2.52,-,1,1,1,1,1,1,1,1,1,1,0,1,1,0,0,0,0,1,1,0,0,0,0,1,1,1,0,0,0,1,1,1,1,1,1,1,24,3,4,2,3,3,4,2,1,1,1,0,5,2,0,0,0,0,5,2,0,0,0,0,5,2,1,0,0,0,5,3,5,5,5,5,5,2.0369
Trial    43,Arena 1,AD_CS2_113_99_169,11:09,,1,1,27,8/3/2016,JD,,543.739,182.88,13.36,-,1,1,1,1,1,1,1,1,1,1,1,1,1,1,0,0,1,1,1,1,0,0,1,1,1,1,1,1,1,1,1,1,1,1,1,1,32,4,3,3,3,4,5,5,1,1,2,2,6,5,1,0,0,1,5,4,2,0,0,1,6,3,2,1,1,3,7,3,4,4,4,5,5,2.71652
Trial    43,Arena 2,AD_CS2_113_99_162,11:09,,1,2,27,8/3/2016,JD,,437.425,172.04,5.04,4.92,1,1,1,1,1,1,1,0,0,0,0,1,1,1,0,0,0,1,1,0,1,1,0,1,1,0,0,1,1,1,1,1,1,1,1,1,25,4,3,3,3,3,3,4,0,0,0,0,3,6,2,0,0,0,3,5,0,2,2,0,3,4,0,0,1,2,4,4,4,4,4,4,5,2.29306
Trial    43,Arena 3,AD_CS2_113_99_219,11:09,,1,3,27,8/3/2016,JD,,234.237,135.28,22.64,2.88,1,1,1,0,0,0,1,0,1,1,1,1,1,0,1,0,0,1,1,1,1,0,0,1,1,0,0,1,1,1,1,1,1,1,1,0,24,3,2,2,0,0,0,4,0,2,1,1,1,4,0,1,0,0,1,5,2,1,0,0,1,4,0,0,1,1,1,3,1,1,1,1,0,1.41755
Trial    43,Arena 4,AD_CS2_113_99_213,11:09,,1,4,27,8/3/2016,JD,,589.384,155.4,36.8,-,1,1,1,1,1,1,1,1,1,1,1,1,1,1,0,0,1,1,1,1,0,0,1,1,1,1,0,0,1,1,1,1,1,1,1,1,30,2,4,4,5,5,4,4,5,3,2,1,5,6,4,0,0,2,6,6,3,0,0,1,6,4,4,0,0,1,6,4,7,5,5,5,5,2.96829
Trial    44,Arena 1,AD_CS2_113_99_226,11:25,,1,1,28,8/3/2016,JD,,805.025,167.04,17.32,1.8,1,1,1,1,1,1,1,1,0,0,0,1,1,1,0,0,1,1,1,1,1,1,1,1,1,1,1,1,1,1,1,1,1,1,1,1,31,6,8,8,7,7,7,7,2,0,0,0,7,7,1,0,0,2,9,7,1,2,1,2,8,8,2,5,1,3,9,7,5,6,6,6,6,4.03562
Trial    44,Arena 2,AD_CS2_113_99_186,11:25,,1,2,28,8/3/2016,JD,,588.384,181.52,11.28,2.16,1,1,1,1,1,1,1,1,1,1,1,1,1,1,1,0,0,1,1,1,1,1,0,1,1,0,1,1,1,1,1,1,1,1,1,1,32,5,5,5,5,6,5,5,1,1,1,1,5,6,4,1,0,0,4,5,2,2,1,0,4,5,0,1,3,2,5,5,5,5,6,6,5,2.94959
Trial    44,Arena 3,AD_CS2_113_99_218,11:25,,1,3,28,8/3/2016,JD,,430.464,175.28,19.48,-,1,1,1,1,1,1,1,1,1,1,1,1,1,1,0,0,1,1,1,1,0,0,1,1,1,1,1,1,1,1,1,1,1,1,1,1,32,4,3,4,3,3,2,5,1,2,1,3,4,4,1,0,0,1,3,4,2,0,0,1,3,3,2,1,2,2,4,3,3,3,4,4,4,2.15793
Trial    44,Arena 4,AD_CS2_113_99_195,11:25,,1,4,28,8/3/2016,JD,,1014.66,170.52,21.76,9.04,1,1,1,1,1,1,1,1,1,1,1,1,1,1,1,0,1,1,1,1,1,1,1,1,1,1,1,1,1,1,1,1,1,1,1,1,35,4,5,8,9,10,9,6,4,4,1,2,10,7,3,3,0,2,10,10,3,2,1,2,11,9,1,2,2,2,11,9,8,10,11,10,9,5.08653
Trial    45,Arena 1,AD_CS2_113_99_166,11:40,,1,1,28,8/3/2016,JD,,712.567,166.48,26,4.16,1,1,1,1,1,1,1,1,1,1,1,1,1,1,1,1,1,1,1,1,0,1,1,1,1,1,1,1,0,1,1,1,1,1,1,1,34,5,3,3,5,6,4,7,2,2,2,1,4,7,2,1,3,3,5,7,2,0,2,4,7,5,4,2,1,0,7,3,5,7,7,7,6,3.53596
Trial    45,Arena 2,AD_CS2_113_99_215,11:40,,1,2,28,8/3/2016,JD,,556.311,183.16,13,-,1,1,1,1,1,1,1,1,1,1,1,1,1,0,0,0,0,1,1,0,0,0,1,1,1,1,0,1,1,1,1,1,1,1,1,1,28,4,4,4,4,4,3,6,2,1,1,2,5,6,0,0,0,0,5,6,0,0,0,1,5,6,1,0,2,1,5,5,6,6,5,4,4,2.76387
Trial    45,Arena 3,AD_CS2_113_99_220,11:40,,1,3,28,8/3/2016,JD,,196.272,197.16,-,-,1,1,1,1,1,1,1,0,0,0,0,1,1,0,0,0,0,1,1,0,0,0,0,1,1,0,0,0,0,1,1,1,1,1,1,1,20,2,2,2,2,2,2,2,0,0,0,0,2,2,0,0,0,0,2,2,0,0,0,0,2,2,0,0,0,0,2,2,2,2,2,2,2,0.98629
Trial    45,Arena 4,AD_CS2_113_99_163,11:40,,1,4,28,8/3/2016,JD,,335.505,168.68,16.04,-,1,1,1,1,1,1,1,1,0,0,1,1,1,1,0,0,1,1,1,0,0,0,1,1,1,1,1,1,1,1,1,1,1,1,1,1,29,2,3,3,3,5,3,3,1,0,0,2,2,4,1,0,0,1,2,4,0,0,0,1,2,4,2,1,1,1,2,4,4,3,3,2,2,1.66686
Trial    51,Arena 1,AD_CS2_102_114_93,10:26,324,2,1,27,8/17/2016,JD,,103.588,190.92,-,-,1,1,1,0,1,1,1,0,0,0,0,1,1,0,0,0,0,1,1,0,0,0,0,1,1,0,0,0,0,1,1,1,1,1,1,1,19,1,1,1,0,1,2,1,0,0,0,0,1,1,0,0,0,0,1,1,0,0,0,0,1,1,0,0,0,0,1,1,1,1,1,1,1,0.53986
Trial    51,Arena 2,AD_CS2_147_143_38,10:26,672,2,2,27,8/17/2016,JD,,437.67,170.96,12.4,3.04,1,1,1,1,1,1,1,1,1,0,1,1,1,1,1,1,1,1,1,0,1,0,0,1,1,1,1,0,0,1,1,1,1,1,1,1,30,4,4,4,4,4,4,4,2,2,0,1,4,4,2,2,1,1,3,3,0,1,0,0,3,4,1,1,0,0,3,4,4,4,3,3,3,2.28096
Trial    51,Arena 3,AD_CS2_147_143_129,10:26,729,2,3,27,8/17/2016,JD,,0,192,-,-,0,0,0,0,0,0,0,0,0,0,0,0,0,0,0,0,0,0,0,0,0,0,0,0,0,0,0,0,0,0,1,0,0,0,0,0,1,0,0,0,0,0,0,0,0,0,0,0,0,0,0,0,0,0,0,0,0,0,0,0,0,0,0,0,0,0,0,1,0,0,0,0,0,-
Trial    51,Arena 4,AD_CS2_134_132_37,10:26,515,2,4,27,8/17/2016,JD,,370.717,158.88,16.56,3.16,1,1,1,1,1,1,1,1,1,1,1,0,1,1,1,1,0,0,1,0,0,0,0,0,1,0,0,0,0,0,1,1,1,1,1,1,23,7,4,3,3,2,1,7,1,1,2,1,0,6,1,1,1,0,0,4,0,0,0,0,0,4,0,0,0,0,0,4,4,4,4,4,2,1.93203
Trial    52,Arena 1,AD_CS2_151_143_18,10:49,635,2,1,27,8/17/2016,JD,,110.269,193.88,2.28,-,1,1,1,1,1,1,1,0,0,0,0,1,1,0,0,0,0,1,1,0,0,0,0,1,1,0,0,0,1,1,1,0,1,1,1,1,20,1,1,1,1,1,1,1,0,0,0,0,1,1,0,0,0,0,1,1,0,0,0,0,2,1,0,0,0,1,2,1,0,1,2,2,1,0.557252
Trial    52,Arena 2,AD_CS2_134_132_23,10:49,307,2,2,27,8/17/2016,JD,,0,197,-,-,0,0,0,0,0,0,0,0,0,0,0,0,0,0,0,0,0,0,0,0,0,0,0,0,0,0,0,0,0,0,1,0,0,0,0,0,1,0,0,0,0,0,0,0,0,0,0,0,0,0,0,0,0,0,0,0,0,0,0,0,0,0,0,0,0,0,0,1,0,0,0,0,0,0
Trial    52,Arena 3,AD_CS2_151_143_21,10:49,692,2,3,27,8/17/2016,JD,,525.673,173.64,11.36,1.92,1,1,1,1,1,1,1,0,0,1,1,1,1,0,0,1,1,1,1,1,1,1,1,1,1,1,1,1,1,1,1,1,1,1,1,1,32,4,4,5,6,7,6,4,0,0,1,1,4,4,0,0,1,1,4,3,1,1,2,2,3,8,5,2,2,1,3,7,3,3,3,3,3,2.74302
Trial    52,Arena 4,AD_CS2_147_143_134,10:49,375,2,4,27,8/17/2016,JD,,219.802,181.64,6.64,3.12,1,1,1,1,1,1,1,0,0,1,0,1,1,0,0,1,0,1,1,0,0,1,1,1,1,0,0,0,1,1,1,1,1,1,1,1,25,3,3,3,2,1,1,2,0,0,1,0,1,2,0,0,1,0,1,2,0,0,1,1,2,2,0,0,0,1,2,2,2,2,2,3,2,1.11078
Trial    53,Arena 1,AD_CS2_134_132_154,11:06,385,2,1,27,8/17/2016,JD,,492.613,187.32,8.6,-,1,1,1,1,1,1,1,0,0,0,1,1,1,0,0,0,0,1,1,0,0,0,0,1,1,0,1,1,1,1,1,1,1,1,1,1,24,5,5,5,5,5,3,5,0,0,0,2,5,5,0,0,0,0,5,5,0,0,0,0,5,5,0,1,1,2,4,5,5,5,4,4,3,2.46405
Trial    53,Arena 2,AD_CS2_151_143_4,11:06,372,2,2,27,8/17/2016,JD,,594.358,167.56,13.88,9.76,1,1,1,1,1,1,1,1,1,1,1,1,1,0,1,1,1,1,1,1,1,0,1,1,1,1,0,1,1,1,1,1,1,1,1,1,33,5,4,4,4,6,6,6,1,1,2,3,6,5,0,2,2,1,5,6,2,2,0,1,5,5,2,0,1,1,5,3,5,5,6,5,5,2.97298
Trial    53,Arena 3,AD_CS2_151_143_15,11:06,964,2,3,27,8/17/2016,JD,,609.765,187.92,6.2,1.2,1,1,1,1,1,1,1,0,1,1,1,1,1,1,1,0,0,1,1,0,0,1,1,1,1,1,1,1,1,1,1,1,1,1,1,1,31,2,2,2,2,2,2,2,0,1,1,2,5,2,1,1,0,0,6,2,0,0,1,1,6,3,1,1,3,2,6,8,12,12,11,10,8,3.09651
Trial    53,Arena 4,AD_CS2_134_132_147,11:06,271,2,4,27,8/17/2016,JD,,575.38,176.36,9,5.04,1,1,1,1,1,1,1,1,1,1,1,1,1,1,1,1,0,1,1,1,1,0,0,1,1,1,1,1,1,1,1,1,1,1,1,1,33,4,5,5,6,7,6,4,1,1,2,1,5,4,1,2,1,0,5,4,1,2,0,0,5,4,1,3,1,1,6,3,5,6,5,5,5,2.87805
Trial    54,Arena 1,AD_CS2_147_143_141,11:31,340,2,1,27,8/18/2016,AW,,453.364,174.84,9.8,3.4,1,1,1,1,1,1,1,1,1,1,1,1,1,1,0,1,1,1,1,1,1,1,0,1,1,0,1,1,0,1,1,1,1,1,1,1,32,4,5,5,5,5,5,4,1,1,1,1,5,4,1,0,1,1,3,3,1,1,2,0,3,3,0,3,3,0,3,3,2,3,3,3,3,2.30743
Trial    54,Arena 2,AD_CS2_151_143_6,11:31,571,2,2,27,8/18/2016,AW,,221.36,193.88,2.64,-,1,1,1,1,1,1,1,0,0,0,0,1,0,0,0,0,0,1,0,0,0,0,1,1,0,0,0,1,1,1,0,1,1,1,1,1,19,2,2,2,3,4,4,1,0,0,0,0,4,0,0,0,0,0,4,0,0,0,0,1,4,0,0,0,1,1,3,0,1,2,2,1,2,1.12663
Trial    54,Arena 3,AD_CS2_147_143_130,11:31,369,2,3,27,8/18/2016,AW,,323.262,158.72,29.84,5.04,1,1,1,1,1,1,1,0,1,1,1,1,1,0,1,1,1,1,1,1,1,0,1,1,1,1,0,0,1,1,1,1,1,1,1,1,31,1,2,1,3,5,4,2,0,1,2,1,3,2,0,1,2,3,4,3,2,1,0,1,3,2,1,0,0,1,4,3,3,2,2,3,4,1.65132
Trial    54,Arena 4,AD_CS2_151_143_13,11:31,402,2,4,27,8/18/2016,AW,,605.061,187.12,6.92,1.8,1,1,1,1,1,1,1,1,1,1,1,1,1,1,1,0,1,1,1,1,1,1,1,1,1,1,0,1,1,1,1,1,1,1,1,1,34,3,4,5,5,4,4,2,1,1,1,1,4,2,2,1,0,1,4,3,1,2,2,2,6,5,2,0,1,1,7,5,8,8,9,11,9,3.07951
Trial    55,Arena 1,AD_CS2_134_132_104,11:45,474,2,1,27,8/18/2016,AW,,271.676,165.88,17.68,5.24,1,1,1,1,1,1,1,0,0,1,1,1,1,1,1,1,1,0,1,0,0,1,0,0,1,0,1,1,1,0,1,1,1,1,1,1,27,2,2,2,2,2,3,2,0,0,2,3,3,3,2,2,3,2,0,2,0,0,1,0,0,2,0,1,1,1,0,2,2,1,1,1,1,1.37795
Trial    55,Arena 2,AD_CS2_102_114_52,11:45,710,2,2,27,8/18/2016,AW,,68.2581,166.2,15.2,5.8,0,0,0,0,0,0,1,1,0,0,0,0,1,1,0,0,0,0,1,1,1,0,0,0,1,1,1,0,0,0,1,1,1,0,0,0,13,0,0,0,0,0,0,1,1,0,0,0,0,1,1,0,0,0,0,1,1,1,0,0,0,1,1,1,0,0,0,2,2,1,0,0,0,0.346206
Trial    55,Arena 3,AD_CS2_151_143_32,11:45,412,2,3,27,8/18/2016,AW,,504.629,186.6,0.96,-,1,1,1,1,1,1,1,0,0,0,0,1,1,0,0,0,0,1,1,0,0,0,0,1,1,0,0,1,1,1,1,1,1,1,1,1,22,4,3,3,3,3,3,5,0,0,0,0,3,5,0,0,0,0,4,6,0,0,0,0,4,7,0,0,1,1,4,8,8,7,6,6,5,2.65538
Trial    55,Arena 4,AD_CS2_147_143_142,11:45,394,2,4,27,8/18/2016,AW,,308.168,182.72,5.6,2.56,1,1,1,1,1,1,1,1,1,0,0,1,1,1,1,0,0,1,1,1,0,0,0,1,1,0,1,0,1,1,1,1,1,1,1,1,27,3,3,2,2,2,2,3,1,1,0,0,3,3,1,1,0,0,3,3,1,0,0,0,3,3,0,1,0,1,4,3,3,4,3,3,3,1.5836
Trial    56,Arena 1,AD_CS2_151_143_19,12:00,413,2,1,27,8/18/2016,AW,,696.864,192,1.24,-,1,1,1,1,1,1,1,1,0,0,0,1,1,0,0,0,0,1,1,0,0,0,0,1,1,0,0,0,1,1,1,1,1,1,1,1,22,9,9,8,7,7,7,9,1,0,0,0,5,7,0,0,0,0,5,7,0,0,0,0,5,7,0,0,0,1,5,6,5,5,5,5,4,3.52165
Trial    56,Arena 2,AD_CS2_102_114_51,12:00,577,2,2,27,8/18/2016,AW,,73.9233,195.6,2.32,-,0,0,0,0,0,0,0,0,0,0,0,1,0,0,0,0,0,1,0,0,0,0,0,1,1,1,0,0,1,1,1,1,1,1,1,1,13,0,0,0,0,0,0,0,0,0,0,0,1,0,0,0,0,0,1,0,0,0,0,0,1,1,1,0,0,1,1,2,2,1,1,2,1,0.373577
Trial    56,Arena 3,AD_CS2_102_114_95,12:00,380,2,3,27,8/18/2016,AW,,326.311,184.64,3.56,0.36,1,1,1,1,1,1,1,0,0,1,1,1,1,0,0,0,0,1,1,0,0,1,1,1,1,0,0,1,0,1,1,1,1,1,1,1,25,4,4,4,3,3,1,4,0,0,1,2,2,4,0,0,0,0,2,5,0,0,1,1,2,5,0,0,1,0,1,4,2,1,2,1,1,1.68828
Trial    56,Arena 4,AD_CS2_134_132_100,12:00,440,2,4,27,8/18/2016,AW,I,275.968,174.24,15.8,1.24,1,1,1,1,1,1,1,1,1,1,1,1,1,0,0,0,1,1,1,1,0,1,0,1,1,1,0,1,1,1,1,1,1,1,1,1,30,2,2,2,2,1,1,2,1,1,1,1,2,2,0,0,0,1,3,3,2,0,1,0,3,1,1,0,1,1,3,2,3,3,3,3,3,1.39462
Trial    57,Arena 1,AD_CS2_147_143_122,11:02,430,2,1,26,8/19/2016,JD,,557.079,191.12,6.96,1.72,1,1,1,1,1,1,1,1,1,1,0,1,1,1,0,0,1,1,1,1,1,1,1,1,1,0,1,1,1,1,1,1,1,1,1,1,32,5,5,5,5,5,5,5,1,1,1,0,3,6,1,0,0,1,3,4,2,2,1,2,3,5,0,1,1,2,5,4,5,4,5,5,4,2.72384
Trial    57,Arena 2,AD_CS2_102_114_88,11:02,435,2,2,26,8/19/2016,JD,,170.195,200.96,-,-,1,1,1,1,1,1,1,0,0,0,0,1,1,0,0,0,0,1,1,0,0,0,0,1,1,0,0,0,0,1,1,1,0,0,0,1,17,2,3,3,3,3,3,1,0,0,0,0,3,1,0,0,0,0,3,1,0,0,0,0,2,1,0,0,0,0,2,1,1,0,0,0,1,0.832169
Trial    57,Arena 3,AD_CS2_151_143_11,11:02,698,2,3,26,8/19/2016,JD,,375.69,189.88,-,-,1,1,1,1,1,1,1,0,0,0,0,1,1,0,0,0,0,1,1,0,0,0,0,1,1,0,0,0,0,1,1,1,1,1,1,1,20,4,3,3,2,1,3,4,0,0,0,0,4,4,0,0,0,0,4,4,0,0,0,0,4,4,0,0,0,0,4,4,4,4,4,4,4,1.92346
Trial    57,Arena 4,AD_CS2_147_143_113,11:02,404,2,4,26,8/19/2016,JD,,136.572,99.4,-,-,1,1,1,1,1,1,1,0,0,0,0,1,1,0,0,0,0,1,1,0,0,0,0,1,1,0,0,0,0,1,1,1,1,1,1,1,20,2,2,1,1,1,1,2,0,0,0,0,1,2,0,0,0,0,1,2,0,0,0,0,1,2,0,0,0,0,1,2,1,1,1,1,1,1.31218
Trial    58,Arena 1,AD_CS2_151_143_12,11:17,910,2,1,26,8/19/2016,JD,,691.445,168.12,21.04,4.12,1,1,1,1,1,1,1,1,1,1,1,1,1,1,1,1,1,1,1,1,1,1,1,1,1,1,1,0,1,1,1,1,1,1,1,1,35,3,4,2,5,6,5,5,7,2,6,4,5,6,3,2,2,2,3,5,2,1,2,2,4,7,1,1,0,2,5,7,6,6,6,7,6,3.50703
Trial    58,Arena 2,AD_CS2_147_143_136,11:17,586,2,2,26,8/19/2016,JD,,13.8941,206.4,-,-,0,0,0,0,0,0,0,0,0,0,0,0,0,0,0,0,0,0,0,0,0,0,0,0,0,0,0,0,0,0,1,1,1,1,0,0,4,0,0,0,0,0,0,0,0,0,0,0,0,0,0,0,0,0,0,0,0,0,0,0,0,0,0,0,0,0,0,1,1,1,1,0,0,0.0673295
Trial    58,Arena 3,AD_CS2_151_143_5,11:17,402,2,3,26,8/19/2016,JD,,358.649,180,14.96,10.88,1,1,1,1,1,1,1,1,1,1,0,1,1,1,1,0,0,1,1,0,1,1,1,1,1,0,1,0,0,1,1,1,1,1,1,1,29,4,3,4,4,4,4,4,1,1,1,0,3,2,1,2,0,0,3,2,0,2,1,1,3,2,0,1,0,0,2,3,3,3,2,2,2,1.77549
Trial    58,Arena 4,AD_CS2_147_143_132,11:17,394,2,4,26,8/19/2016,JD,,551.182,199.68,0.68,-,1,1,1,1,1,1,1,0,0,0,0,1,1,0,0,0,1,1,1,0,0,0,1,1,1,0,0,0,0,1,1,1,1,1,1,1,22,5,5,5,5,5,5,5,0,0,0,0,5,5,0,0,0,1,4,5,0,0,0,1,5,5,0,0,0,0,5,6,6,6,6,6,6,2.67098
Trial    59,Arena 1,AD_CS2_151_143_20,9:42,,2,1,25,8/22/2016,JD,D,NA,NA,NA,NA,1,1,1,1,1,1,1,1,1,1,1,1,1,1,1,1,1,1,1,1,1,1,1,1,1,1,1,1,1,1,1,1,1,1,1,1,36,NA,NA,NA,NA,NA,NA,NA,NA,NA,NA,NA,NA,NA,NA,NA,NA,NA,NA,NA,NA,NA,NA,NA,NA,NA,NA,NA,NA,NA,NA,NA,NA,NA,NA,NA,NA,NA
Trial    59,Arena 2,AD_CS2_147_143_128,9:42,300,2,2,25,8/22/2016,JD,,362.378,173.16,13.24,5.56,1,1,1,1,1,1,1,1,0,1,1,1,1,1,1,1,1,1,1,1,1,1,1,1,1,1,1,0,1,1,1,1,1,1,1,1,34,3,3,3,3,2,2,4,1,0,1,1,2,4,1,1,2,3,3,4,1,1,1,1,2,5,1,1,0,1,2,3,2,1,1,2,2,1.79608
Trial    59,Arena 3,AD_CS2_102_114_45,9:42,326,2,3,25,8/22/2016,JD,,206.33,200.6,-,-,1,1,1,1,1,1,1,0,0,0,0,1,1,0,0,0,0,1,1,0,0,0,0,1,1,0,0,0,0,1,1,1,1,1,1,1,20,2,2,1,1,1,2,1,0,0,0,0,3,1,0,0,0,0,3,1,0,0,0,0,3,1,0,0,0,0,3,1,2,2,3,3,3,1.02224
Trial    59,Arena 4,AD_CS2_151_143_9,9:42,624,2,4,25,8/22/2016,JD,,150.964,192.16,3.68,3.32,1,1,1,1,1,1,1,0,0,0,0,1,1,0,0,0,0,1,1,1,1,0,1,1,1,0,0,1,1,1,1,1,1,1,1,1,25,1,1,1,1,1,1,1,0,0,0,0,1,1,0,0,0,0,1,1,1,2,0,1,1,1,0,0,2,2,2,1,1,1,1,2,3,0.748236
Trial    60,Arena 1,AD_CS2_134_132_29,9:58,326,2,1,25,8/22/2016,JD,,404.004,203.84,-,-,1,1,1,1,1,1,1,0,0,0,0,1,1,0,0,0,0,1,1,0,0,0,0,1,1,0,0,0,0,1,1,1,1,1,1,1,20,4,3,3,3,3,3,5,0,0,0,0,3,5,0,0,0,0,3,4,0,0,0,0,3,4,0,0,0,0,4,4,4,4,4,4,5,1.94495
Trial    60,Arena 2,AD_CS2_102_114_91,9:58,347,2,2,25,8/22/2016,JD,,176.478,127.48,12.8,7.6,0,0,0,0,0,1,0,0,0,1,1,1,0,0,1,1,1,1,0,0,1,1,1,1,0,0,0,1,1,1,1,1,1,1,1,1,21,0,0,0,0,0,1,0,0,0,1,2,3,0,0,1,1,2,4,0,0,1,1,1,4,0,0,0,1,2,3,1,1,1,2,4,3,1.21041
Trial    60,Arena 3,AD_CS2_147_143_140,9:58,605,2,3,25,8/22/2016,JD,,556.253,160.16,35.4,8.48,1,1,1,1,1,1,1,1,1,1,0,1,1,1,1,1,1,1,1,1,1,1,1,1,1,1,1,1,1,1,1,1,1,1,1,1,35,4,4,4,3,3,2,7,5,5,3,0,3,6,2,2,2,2,4,5,6,3,4,2,3,5,4,1,7,3,3,4,4,4,5,2,2,2.6779
Trial    60,Arena 4,AD_CS2_102_114_96,9:58,389,2,4,25,8/22/2016,JD,,329.239,201.68,2.4,-,1,1,1,1,1,1,1,0,0,0,0,1,1,0,0,0,0,1,1,0,0,0,0,1,1,1,1,0,0,1,1,1,1,1,1,1,22,3,3,3,3,3,3,3,0,0,0,0,3,3,0,0,0,0,3,3,0,0,0,0,3,4,1,1,0,0,3,4,2,3,3,3,3,1.58501
Trial    61,Arena 1,AD_CS2_134_132_27,10:19,514,2,1,26,8/22/2016,JD,,81.6796,207.28,-,-,1,1,1,1,1,1,0,0,0,0,0,1,0,0,0,0,0,1,0,0,0,0,0,1,0,0,0,0,0,1,0,1,1,1,1,1,15,1,1,1,1,1,1,0,0,0,0,0,1,0,0,0,0,0,1,0,0,0,0,0,1,0,0,0,0,0,1,0,1,1,1,1,1,0.39413
Trial    61,Arena 2,AD_CS2_102_114_76,10:19,,2,2,26,8/22/2016,JD,D,NA,NA,NA,NA,1,1,1,1,1,1,1,1,1,1,1,1,1,1,1,1,1,1,1,1,1,1,1,1,1,1,1,1,1,1,1,1,1,1,1,1,36,NA,NA,NA,NA,NA,NA,NA,NA,NA,NA,NA,NA,NA,NA,NA,NA,NA,NA,NA,NA,NA,NA,NA,NA,NA,NA,NA,NA,NA,NA,NA,NA,NA,NA,NA,NA,NA
Trial    61,Arena 3,AD_CS2_151_143_14,10:19,,2,3,26,8/22/2016,JD,D,NA,NA,NA,NA,1,1,1,1,1,1,1,1,1,1,1,1,1,1,1,1,1,1,1,1,1,1,1,1,1,1,1,1,1,1,1,1,1,1,1,1,36,NA,NA,NA,NA,NA,NA,NA,NA,NA,NA,NA,NA,NA,NA,NA,NA,NA,NA,NA,NA,NA,NA,NA,NA,NA,NA,NA,NA,NA,NA,NA,NA,NA,NA,NA,NA,NA
Trial    61,Arena 4,AD_CS2_147_143_115,10:19,552,2,4,26,8/22/2016,JD,,541.738,182.44,11.16,5.52,1,1,1,1,1,1,1,1,0,0,1,1,1,1,1,1,1,1,1,0,0,0,1,1,1,1,1,0,1,1,1,1,1,1,1,1,30,3,2,2,2,3,3,3,1,0,0,1,3,6,4,3,3,2,3,6,0,0,0,2,3,6,1,1,0,1,6,6,6,6,6,9,9,2.62266
Trial    62,Arena 1,AD_CS2_147_143_108,10:35,547,2,1,26,8/22/2016,JD,,193.694,185.56,7.08,15.24,1,1,1,1,1,1,0,0,1,0,0,1,0,0,1,0,0,1,1,1,1,1,1,1,1,0,0,0,1,1,1,0,0,0,1,1,22,1,2,2,1,2,3,0,0,1,0,0,3,0,0,2,0,0,3,1,1,2,1,1,3,1,0,0,0,1,3,1,0,0,0,2,3,0.939895
Trial    62,Arena 2,AD_CS2_151_143_34,10:35,523,2,2,26,8/22/2016,JD,,91.8918,199.64,1.96,1.48,1,1,1,1,1,1,1,0,0,1,1,1,1,1,1,1,0,1,1,1,0,0,0,0,0,0,0,0,0,0,0,0,0,0,0,0,17,1,1,1,1,2,2,1,0,0,1,1,2,1,1,1,1,0,1,1,1,0,0,0,0,0,0,0,0,0,0,0,0,0,0,0,0,0.446163
Trial    62,Arena 3,AD_CS2_151_143_22,10:35,427,2,3,26,8/22/2016,JD,,523.536,201.68,0.52,-,1,1,1,1,1,1,1,0,0,0,0,1,1,0,0,0,0,1,1,0,0,0,0,1,1,0,0,0,1,1,1,1,1,1,1,1,21,4,4,4,4,5,6,4,0,0,0,0,6,4,0,0,0,0,6,4,0,0,0,0,5,4,0,0,0,1,5,5,7,7,7,7,5,2.55135
Trial    62,Arena 4,AD_CS2_151_143_30,10:35,524,2,4,26,8/22/2016,JD,,797.166,193.16,9.36,0.96,1,1,1,1,1,1,1,1,1,1,1,1,1,0,1,1,1,1,1,1,1,0,1,1,1,1,1,1,1,1,1,1,1,1,1,1,34,4,4,3,3,4,6,4,1,1,1,2,7,4,0,1,1,4,8,6,1,1,0,3,8,8,1,1,1,2,9,8,10,10,10,12,11,3.86823
Trial    63,Arena 1,AD_CS2_147_143_131,10:53,709,2,1,26,8/22/2016,JD,,145.782,195.96,14.8,0.84,1,1,1,1,1,0,1,0,1,1,1,0,1,1,1,0,1,1,0,0,0,0,1,1,1,0,0,1,1,1,1,1,1,1,1,1,26,1,1,1,1,1,0,1,0,1,1,2,0,1,1,1,0,2,1,0,0,0,0,1,1,1,0,0,1,1,1,2,2,2,2,1,1,0.685969
Trial    63,Arena 2,AD_CS2_102_114_57,10:53,336,2,2,26,8/22/2016,JD,,0,210,-,-,0,0,0,0,0,0,0,0,0,0,0,0,0,0,0,0,0,0,0,0,0,0,0,0,0,0,0,0,0,0,1,0,0,0,0,0,1,0,0,0,0,0,0,0,0,0,0,0,0,0,0,0,0,0,0,0,0,0,0,0,0,0,0,0,0,0,0,1,0,0,0,0,0,0
Trial    63,Arena 3,AD_CS2_102_114_97,10:53,543,2,3,26,8/22/2016,JD,,675.694,198.8,9.2,-,1,1,1,1,1,1,1,1,1,1,0,1,1,1,0,0,1,1,1,0,0,0,1,1,1,1,1,1,1,1,1,1,1,1,1,1,30,5,7,6,5,6,6,6,2,1,1,0,6,7,1,0,0,1,6,7,0,0,0,1,6,7,1,1,1,2,7,5,6,6,6,7,6,3.17466
Trial    63,Arena 4,AD_CS2_134_132_31,10:53,487,2,4,26,8/22/2016,JD,,336.255,186.48,8.96,1.76,1,1,1,1,1,1,1,1,1,1,0,1,1,1,1,0,0,1,1,1,1,0,0,1,1,1,1,0,0,1,1,1,1,1,1,1,29,4,5,4,4,3,3,2,1,1,1,0,3,2,1,2,0,0,3,2,1,2,0,0,3,2,1,1,0,0,3,1,2,4,4,3,3,1.59302
Trial    64,Arena 1,AD_CS2_134_132_146,11:10,267,2,1,26,8/22/2016,JD,,338.585,188.56,9.92,4.52,1,1,1,1,1,1,1,1,0,0,0,1,1,1,1,1,1,1,1,1,1,0,0,1,1,0,1,1,0,1,1,1,1,1,1,1,29,3,3,2,2,2,2,3,1,0,0,0,2,3,2,1,1,1,3,4,2,1,0,0,3,4,0,1,1,0,3,3,3,3,3,2,3,1.62844
Trial    64,Arena 2,AD_CS2_102_114_73,11:10,377,2,2,26,8/22/2016,JD,,324.23,204.16,-,-,1,1,1,1,1,1,1,0,0,0,0,1,1,0,0,0,0,1,1,0,0,0,0,1,1,0,0,0,0,1,1,1,1,1,1,1,20,3,3,3,3,3,3,3,0,0,0,0,3,3,0,0,0,0,3,3,0,0,0,0,3,3,0,0,0,0,3,3,3,3,3,3,3,1.5594
Trial    64,Arena 3,AD_CS2_147_143_137,11:10,,2,3,26,8/22/2016,JD,D,NA,NA,NA,NA,1,1,1,1,1,1,1,1,1,1,1,1,1,1,1,1,1,1,1,1,1,1,1,1,1,1,1,1,1,1,1,1,1,1,1,1,36,NA,NA,NA,NA,NA,NA,NA,NA,NA,NA,NA,NA,NA,NA,NA,NA,NA,NA,NA,NA,NA,NA,NA,NA,NA,NA,NA,NA,NA,NA,NA,NA,NA,NA,NA,NA,NA
Trial    64,Arena 4,AD_CS2_102_114_83,11:10,565,2,4,26,8/22/2016,JD,,205.48,186.44,17.8,0.44,1,1,1,1,1,1,1,1,1,1,0,1,1,1,1,1,1,1,0,1,0,0,1,1,1,1,0,0,0,1,1,1,1,1,1,1,29,2,2,2,1,1,1,2,1,2,1,0,1,1,2,1,1,1,1,0,2,0,0,1,2,2,1,0,0,0,2,2,2,2,2,2,2,0.988264
Trial    65,Arena 1,AD_CS2_102_114_81,9:44,363,2,1,26,8/24/2016,JD,,319.537,197.92,4.64,3.48,1,1,1,1,1,1,1,0,1,0,0,1,1,1,1,1,1,1,1,0,1,0,0,1,1,1,1,0,0,1,1,1,1,1,1,1,28,5,5,5,3,2,2,5,0,1,0,0,2,3,1,2,1,1,2,3,0,1,0,0,1,3,1,1,0,0,1,3,2,1,1,1,1,1.52976
Trial    65,Arena 2,AD_CS2_151_143_33,9:44,420,2,2,26,8/24/2016,JD,,167.214,203.84,2.92,-,1,1,1,1,1,1,1,0,0,0,0,1,1,0,0,0,0,1,1,0,0,0,0,1,1,1,0,0,0,1,1,1,1,1,1,1,21,1,1,1,1,2,2,1,0,0,0,0,2,2,0,0,0,0,1,3,0,0,0,0,1,4,2,0,0,0,1,3,2,1,1,1,1,0.800524
Trial    65,Arena 3,AD_CS2_102_114_54,9:44,332,2,3,26,8/24/2016,JD,,390.079,199.04,5.88,0.2,1,1,1,1,1,1,1,0,1,1,1,1,1,1,1,0,1,1,1,0,0,0,0,1,1,1,1,0,0,1,1,1,1,1,1,1,28,4,4,4,4,4,5,4,0,1,1,2,4,4,1,1,0,1,3,3,0,0,0,0,2,3,1,1,0,0,2,2,3,3,4,3,2,1.86748
Trial    65,Arena 4,AD_CS2_102_114_44,9:44,671,2,4,26,8/24/2016,JD,,0,208.92,-,-,0,0,0,0,0,0,0,0,0,0,0,0,0,0,0,0,0,0,0,0,0,0,0,0,0,0,0,0,0,0,1,0,0,0,0,0,1,0,0,0,0,0,0,0,0,0,0,0,0,0,0,0,0,0,0,0,0,0,0,0,0,0,0,0,0,0,0,1,0,0,0,0,0,0
Trial    66,Arena 1,AD_CS2_134_132_143,10:02,378,2,1,26,8/24/2016,JD,,242.985,179.64,24.32,6.16,1,1,1,1,1,1,1,1,1,1,1,1,1,0,1,1,1,1,1,0,0,0,0,1,1,1,1,1,0,1,0,0,0,1,1,0,26,3,5,5,6,4,3,1,1,1,4,2,3,1,0,1,1,1,2,1,0,0,0,0,1,1,1,1,1,0,1,0,0,0,1,1,0,1.17225
Trial    66,Arena 2,AD_CS2_134_132_35,10:02,494,2,2,26,8/24/2016,JD,,385.275,182.24,12.96,3.8,1,1,1,1,1,1,1,1,0,0,0,1,1,1,1,1,0,1,1,1,1,1,1,1,1,1,0,1,1,1,1,1,1,1,1,1,31,1,3,3,3,3,4,3,1,0,0,0,3,3,2,1,1,0,3,1,2,1,2,1,4,2,3,0,2,1,5,3,4,3,3,3,4,1.85872
Trial    66,Arena 3,AD_CS2_147_143_106,10:02,515,2,3,26,8/24/2016,JD,,261.919,131.28,56.44,4.92,1,1,1,1,1,1,1,0,1,1,1,1,1,1,0,0,1,1,1,1,1,1,1,1,1,0,1,1,1,1,1,0,1,0,1,1,30,2,2,2,2,3,1,2,0,1,1,2,1,3,1,0,0,3,1,2,1,1,2,5,4,1,0,1,2,2,3,1,0,1,0,2,3,1.2636
Trial    66,Arena 4,AD_CS2_134_132_153,10:02,460,2,4,26,8/24/2016,JD,,330.57,180.4,17.8,1.72,1,1,1,1,1,1,1,1,1,1,1,1,1,1,1,0,0,1,1,0,1,0,0,1,1,0,1,1,0,1,1,1,1,1,1,1,29,3,3,3,3,3,3,3,1,1,2,1,2,4,1,1,0,0,2,4,0,1,0,0,2,4,0,1,1,0,2,4,3,3,3,2,2,1.59419
Trial    67,Arena 1,AD_CS2_134_132_105,10:21,277,2,1,26,8/24/2016,JD,,425.03,164.6,22.4,14.52,1,1,1,1,1,1,1,1,1,1,1,1,1,1,1,1,1,1,1,1,1,1,1,1,1,1,0,0,0,1,1,1,1,1,1,1,33,5,6,4,6,4,3,3,1,3,4,1,3,4,3,3,4,1,3,2,4,3,3,1,2,2,1,0,0,0,1,2,2,1,1,1,1,2.07372
Trial    67,Arena 2,AD_CS2_134_132_102,10:21,339,2,2,26,8/24/2016,JD,,531.966,172.08,19.48,1.64,1,1,0,1,1,1,1,1,1,1,1,1,1,1,0,0,1,1,1,1,1,1,1,1,1,1,1,0,1,1,1,1,1,1,1,1,32,2,1,0,2,5,4,4,2,2,1,3,3,4,1,0,0,2,3,4,2,1,1,2,3,6,4,2,0,1,4,7,7,7,5,4,4,2.61897
Trial    67,Arena 3,AD_CS2_151_143_17,10:21,768,2,3,26,8/24/2016,JD,,527.448,168.04,25.24,5.32,1,1,1,1,1,1,1,1,1,1,1,1,1,1,1,1,1,1,1,1,1,1,1,1,1,1,1,0,1,1,1,1,1,1,1,1,35,5,6,5,3,3,3,5,2,5,3,3,5,5,1,3,3,4,2,6,1,2,1,3,2,6,1,2,0,2,2,5,5,5,4,4,3,2.59417
Trial    67,Arena 4,AD_CS2_102_114_98,10:21,510,2,4,26,8/24/2016,JD,,393.64,175.44,26.2,4,1,1,1,1,1,1,1,1,1,1,1,1,1,1,1,0,0,1,1,1,0,1,1,1,1,1,0,1,1,1,1,1,1,1,1,1,32,3,3,3,3,4,3,4,2,2,2,2,4,3,3,2,0,0,4,3,2,0,1,2,4,2,2,0,1,2,2,3,4,3,3,3,2,1.91982
Trial    68,Arena 1,AD_CS2_134_132_103,10:51,616,2,1,25,8/26/2016,JD,,363.415,177.48,20.32,4.88,1,1,1,1,1,1,1,1,1,1,1,1,1,1,1,1,1,1,1,1,1,0,1,1,1,1,0,0,0,0,1,1,1,1,1,1,31,3,4,4,4,5,4,5,2,1,1,2,2,5,1,1,2,2,1,5,3,1,0,1,1,6,2,0,0,0,0,4,2,1,1,1,1,1.75529
Trial    68,Arena 2,AD_CS2_134_132_151,10:51,547,2,2,25,8/26/2016,JD,,0,0.16,210,-,0,0,0,0,0,0,0,0,0,0,0,0,0,0,0,0,0,0,0,0,0,0,0,0,0,0,0,0,0,0,1,0,0,0,0,0,1,0,0,0,0,0,0,0,0,0,0,0,0,0,0,0,0,0,0,0,0,0,0,0,0,0,0,0,0,0,0,1,0,0,0,0,0,-
Trial    68,Arena 3,AD_CS2_151_143_3,10:51,878,2,3,25,8/26/2016,JD,,590.42,193,4.68,0.16,1,1,1,1,1,1,1,1,1,1,0,1,1,0,0,1,1,1,1,0,0,0,0,1,1,0,0,0,1,1,1,1,1,1,1,1,26,5,5,5,5,5,5,5,1,1,1,0,5,5,0,0,1,1,6,4,0,0,0,0,6,4,0,0,0,1,6,6,7,7,7,7,7,2.90047
Trial    68,Arena 4,AD_CS2_147_143_114,10:51,388,2,4,25,8/26/2016,JD,,662.019,181.6,20.72,2.56,1,1,1,1,1,1,1,0,0,0,1,1,1,0,1,1,1,1,1,1,1,1,0,1,1,1,1,0,1,1,1,1,1,1,1,1,30,4,5,5,5,5,6,4,0,0,0,2,8,4,0,1,1,2,7,5,2,2,1,0,7,6,3,1,0,1,7,7,6,6,7,7,6,3.20125
Trial    69,Arena 1,AD_CS2_102_114_69,11:14,428,2,1,25,8/26/2016,JD,,668.536,188.4,11.16,3.08,1,1,1,1,1,1,1,1,1,1,1,1,1,0,0,1,1,1,1,0,1,1,1,1,1,1,1,1,1,1,1,1,1,1,1,1,33,7,8,7,7,7,5,6,1,1,3,4,7,6,0,0,1,1,5,5,0,1,1,2,6,5,1,2,1,1,4,5,5,5,4,3,3,3.21845
Trial    69,Arena 2,AD_CS2_134_132_36,11:14,417,2,2,25,8/26/2016,JD,I,208.844,185.96,9.6,-,1,1,1,1,1,1,1,0,0,0,0,1,1,0,0,0,0,1,1,0,0,0,0,1,1,1,1,0,1,1,1,1,1,1,1,1,23,2,1,1,1,1,2,2,0,0,0,0,2,2,0,0,0,0,2,2,0,0,0,0,2,2,1,1,0,1,2,2,3,4,3,2,2,1.0294
Trial    69,Arena 3,AD_CS2_134_132_156,11:14,384,2,3,25,8/26/2016,JD,,131.731,161,31.8,-,0,0,0,1,0,0,1,1,1,1,1,0,1,0,0,0,1,0,1,0,0,0,1,1,1,0,1,1,1,1,1,0,1,1,1,1,21,0,0,0,1,0,0,1,1,1,2,1,0,1,0,0,0,1,0,1,0,0,0,2,1,1,0,1,1,1,2,1,0,1,1,2,3,0.672097
Trial    69,Arena 4,AD_CS2_102_114_67,11:14,503,2,4,25,8/26/2016,JD,,246.52,175.96,11.24,4.64,1,1,1,1,1,1,1,0,1,0,0,1,1,0,0,1,0,1,1,0,0,1,1,1,1,1,1,1,1,1,1,1,1,1,1,1,28,2,2,2,1,1,1,2,0,1,0,0,1,3,0,0,1,0,1,4,0,0,1,1,1,5,1,3,1,1,1,4,5,6,1,1,1,1.18702
Trial    70,Arena 1,AD_CS2_134_132_155,9:38,469,2,1,25,9/1/2016,JD,,85.6139,208.48,-,-,1,1,1,1,1,1,1,0,0,0,0,1,1,0,0,0,0,1,1,0,0,0,0,1,1,0,0,0,0,1,0,0,0,0,1,1,16,1,1,1,1,1,1,1,0,0,0,0,1,1,0,0,0,0,1,1,0,0,0,0,1,1,0,0,0,0,1,0,0,0,0,1,1,0.406292
Trial    70,Arena 2,AD_CS2_147_143_133,9:38,,2,2,25,9/1/2016,JD,D,NA,NA,NA,NA,1,1,1,1,1,1,1,1,1,1,1,1,1,1,1,1,1,1,1,1,1,1,1,1,1,1,1,1,1,1,1,1,1,1,1,1,36,NA,NA,NA,NA,NA,NA,NA,NA,NA,NA,NA,NA,NA,NA,NA,NA,NA,NA,NA,NA,NA,NA,NA,NA,NA,NA,NA,NA,NA,NA,NA,NA,NA,NA,NA,NA,NA
Trial    70,Arena 3,AD_CS2_102_114_62,9:38,565,2,3,25,9/1/2016,JD,,263.634,175.64,16.28,6.84,1,1,1,1,1,1,1,1,1,1,0,1,1,1,1,0,1,1,1,1,1,1,1,1,1,1,0,0,0,1,1,1,1,1,1,1,31,1,1,1,1,1,1,1,1,2,1,0,1,2,1,1,0,1,2,4,1,2,1,1,2,5,1,0,0,0,2,4,3,2,2,2,2,1.30538
Trial    70,Arena 4,AD_CS2_147_143_126,9:38,382,2,4,25,9/1/2016,JD,,213.24,209.52,1.24,-,1,1,1,1,1,1,1,0,0,0,0,1,0,0,0,0,0,1,0,0,0,0,0,1,0,0,0,0,1,1,0,0,1,1,1,1,16,3,3,3,3,3,3,2,0,0,0,0,3,0,0,0,0,0,3,0,0,0,0,0,3,0,0,0,0,1,3,0,0,2,3,3,2,1.01196
Trial    71,Arena 1,AD_CS2_113_99_169,9:54,583,2,1,26,9/1/2016,JD,,0,205.92,-,-,0,0,0,0,0,0,0,0,0,0,0,0,0,0,0,0,0,0,0,0,0,0,0,0,0,0,0,0,0,0,1,0,0,0,0,0,1,0,0,0,0,0,0,0,0,0,0,0,0,0,0,0,0,0,0,0,0,0,0,0,0,0,0,0,0,0,0,1,0,0,0,0,0,0
Trial    71,Arena 2,AD_CS2_113_99_170,9:54,,2,2,26,9/1/2016,JD,D,NA,NA,NA,NA,1,1,1,1,1,1,1,1,1,1,1,1,1,1,1,1,1,1,1,1,1,1,1,1,1,1,1,1,1,1,1,1,1,1,1,1,36,NA,NA,NA,NA,NA,NA,NA,NA,NA,NA,NA,NA,NA,NA,NA,NA,NA,NA,NA,NA,NA,NA,NA,NA,NA,NA,NA,NA,NA,NA,NA,NA,NA,NA,NA,NA,NA
Trial    71,Arena 3,AD_CS2_113_99_160,9:54,612,2,3,26,9/1/2016,JD,,25.8377,205.56,-,-,0,0,0,0,0,0,0,0,0,0,0,0,0,0,0,0,0,0,0,0,0,0,0,0,0,0,0,0,0,0,1,1,1,1,1,1,6,0,0,0,0,0,0,0,0,0,0,0,0,0,0,0,0,0,0,0,0,0,0,0,0,0,0,0,0,0,0,1,1,1,1,1,1,0.125719
Trial    71,Arena 4,AD_CS2_113_99_166,9:54,670,2,4,26,9/1/2016,JD,,515.571,174.12,20.16,5.08,1,1,1,1,1,1,1,1,1,1,1,1,1,1,1,1,0,1,1,1,1,1,0,1,1,0,1,1,1,1,1,1,1,1,1,1,33,4,4,2,3,3,4,4,2,3,2,2,5,4,1,2,1,0,5,3,1,3,3,0,4,3,0,1,3,2,5,4,4,5,5,5,5,2.50374
Trial    72,Arena 1,AD_CS2_113_99_219,10:13,354,2,1,26,9/1/2016,JD,,282.31,185.52,14,6.44,1,1,1,1,1,1,1,1,0,0,0,1,1,1,0,0,0,1,1,1,1,1,1,1,1,0,0,0,1,1,1,1,1,1,1,1,27,2,1,1,1,1,2,2,1,0,0,0,3,1,1,0,0,0,3,2,2,2,2,2,3,3,0,0,0,1,2,4,3,2,2,3,3,1.35466
Trial    72,Arena 2,AD_CS2_113_99_212,10:13,666,2,2,26,9/1/2016,JD,,30.3703,201.24,0.4,0.12,0,0,0,0,0,0,0,0,0,1,0,0,0,1,1,1,0,0,1,1,0,0,0,0,1,0,0,0,0,0,1,0,0,0,0,0,8,0,0,0,0,0,0,0,0,0,1,0,0,0,1,1,1,0,0,1,1,0,0,0,0,1,0,0,0,0,0,1,0,0,0,0,0,0.150706
Trial    72,Arena 3,AD_CS2_113_99_162,10:13,664,2,3,26,9/1/2016,JD,,255.962,151.68,16.48,4.52,1,1,1,1,1,1,1,1,1,1,1,1,1,0,1,0,1,1,1,0,1,0,0,1,1,0,1,0,1,1,1,1,1,1,1,1,29,1,2,2,2,2,2,2,1,1,1,1,2,2,0,1,0,1,3,2,0,1,0,0,3,2,0,1,0,1,3,3,3,2,2,1,2,1.46902
Trial    72,Arena 4,AD_CS2_113_99_182,10:13,771,2,4,26,9/1/2016,JD,,326.239,201.68,-,-,1,1,1,1,1,1,1,0,0,0,0,1,1,0,0,0,0,1,1,0,0,0,0,1,1,0,0,0,0,1,1,1,1,1,1,1,20,2,2,2,2,2,3,2,0,0,0,0,3,2,0,0,0,0,3,2,0,0,0,0,3,3,0,0,0,0,4,3,5,5,5,5,5,1.56545
Trial    73,Arena 1,AD_CS2_113_99_226,10:24,498,2,1,26,9/1/2016,JD,,319.953,197.2,8.56,0.6,1,1,1,1,1,1,1,1,0,0,1,1,1,1,0,0,1,1,1,1,1,0,1,1,1,1,1,0,0,1,1,1,1,1,1,1,29,2,2,2,2,3,3,2,1,0,0,1,3,1,1,0,0,1,3,2,2,1,0,1,4,2,1,2,0,0,4,3,3,3,3,3,3,1.54358
Trial    73,Arena 2,AD_CS2_113_99_221,10:24,311,2,2,26,9/1/2016,JD,,0,208,-,-,0,0,0,0,0,0,0,0,0,0,0,0,0,0,0,0,0,0,0,0,0,0,0,0,0,0,0,0,0,0,1,0,0,0,0,0,1,0,0,0,0,0,0,0,0,0,0,0,0,0,0,0,0,0,0,0,0,0,0,0,0,0,0,0,0,0,0,1,0,0,0,0,0,0
Trial    73,Arena 3,AD_CS2_113_99_195,10:24,645,2,3,26,9/1/2016,JD,,544.151,166.24,19.2,15.04,1,1,1,1,1,1,1,1,0,1,1,1,1,1,0,1,1,1,1,1,1,1,0,1,1,1,1,1,1,1,1,1,1,1,1,1,33,3,3,4,5,4,4,5,1,0,1,1,4,6,1,0,2,1,4,6,1,3,2,0,4,7,1,3,2,1,4,5,5,5,5,6,5,2.64613
Trial    73,Arena 4,AD_CS2_113_99_163,10:24,459,2,4,26,9/1/2016,JD,,182.398,185.4,20.08,-,0,0,0,0,0,1,0,0,0,0,1,1,0,0,0,0,1,1,1,0,0,0,0,1,1,1,1,1,1,1,1,1,1,1,1,1,19,0,0,0,0,0,1,0,0,0,0,1,2,0,0,0,0,1,2,1,0,0,0,0,2,2,1,1,1,2,2,3,4,4,3,3,2,0.887841
Trial    74,Arena 1,AD_CS2_113_99_215,10:44,372,2,1,26,9/1/2016,JD,,119.046,202.12,2.68,-,1,1,1,1,1,1,1,0,0,0,1,1,1,0,0,0,1,1,1,0,0,0,0,1,1,0,0,0,0,1,1,1,1,1,1,1,22,1,1,1,1,1,1,1,0,0,0,1,1,1,0,0,0,1,1,1,0,0,0,0,1,1,0,0,0,0,1,2,1,1,1,1,1,0.57823
Trial    74,Arena 2,AD_CS2_113_99_218,10:44,628,2,2,26,9/1/2016,JD,,222.505,186.48,12.6,7.6,0,0,1,1,1,1,1,1,1,1,1,1,1,0,1,0,0,1,1,0,1,0,0,1,1,1,1,0,1,1,1,1,1,1,1,1,27,0,0,1,1,1,2,1,1,2,1,1,3,2,0,1,0,0,2,2,0,1,0,0,2,3,1,2,0,1,2,4,3,4,3,2,1,1.08075
Trial    74,Arena 3,AD_CS2_113_99_220,10:44,356,2,3,26,9/1/2016,JD,,235.439,187,9.08,6.48,1,1,1,1,1,1,1,0,1,1,1,1,1,0,1,1,0,1,1,1,1,1,0,1,1,1,1,0,0,1,1,1,1,0,0,1,28,2,2,2,1,2,2,2,0,1,1,1,2,2,0,1,2,0,2,3,1,2,1,0,2,3,2,1,0,0,2,2,2,1,0,0,1,1.15388
Trial    74,Arena 4,AD_CS2_113_99_183,10:44,841,2,4,26,9/1/2016,JD,,290.864,183.6,16.28,3.64,1,1,1,1,1,1,1,0,1,1,0,1,1,0,0,1,1,1,1,1,1,1,1,1,1,1,0,0,0,1,1,1,1,1,1,1,29,2,2,2,1,1,1,2,0,1,1,0,1,2,0,0,2,1,2,2,1,1,2,1,2,5,2,0,0,0,3,5,5,3,2,2,3,1.41223
Trial    75,Arena 1,AD_CS2_113_99_186,11:00,433,2,1,26,9/1/2016,JD,,621.971,184.36,16.24,0.76,1,1,1,1,1,1,1,1,1,1,1,1,1,1,1,0,1,1,1,1,0,1,1,1,1,1,1,1,0,1,1,1,1,1,1,1,33,4,4,5,5,7,5,5,1,1,2,3,5,6,2,1,0,2,4,6,1,0,1,2,4,5,2,1,1,0,4,6,5,6,6,6,5,3.02456
Trial    75,Arena 2,AD_CS2_113_99_216,11:00,783,2,2,26,9/1/2016,JD,,204.77,196.6,-,-,1,1,1,1,1,1,1,0,0,0,0,1,1,0,0,0,0,1,1,0,0,0,0,1,1,0,0,0,0,1,1,1,1,1,1,1,20,1,2,2,2,2,2,1,0,0,0,0,2,2,0,0,0,0,2,2,0,0,0,0,2,3,0,0,0,0,2,3,2,2,2,2,2,1.02796
Trial    75,Arena 3,AD_CS2_113_99_175,11:00,367,2,3,26,9/1/2016,JD,,274.031,125.92,62.56,11.32,1,1,1,1,1,1,1,0,1,1,0,1,1,1,1,1,0,1,1,1,1,1,0,1,1,1,1,0,1,1,1,1,0,0,0,0,27,3,3,4,4,3,3,3,0,1,2,0,2,4,1,1,2,0,1,3,2,2,2,0,1,3,2,1,0,1,1,3,1,0,0,0,0,1.337
Trial    75,Arena 4,AD_CS2_113_99_213,11:00,714,2,4,26,9/1/2016,JD,,0,205,-,-,0,0,0,0,0,0,0,0,0,0,0,0,0,0,0,0,0,0,0,0,0,0,0,0,0,0,0,0,0,0,1,0,0,0,0,0,1,0,0,0,0,0,0,0,0,0,0,0,0,0,0,0,0,0,0,0,0,0,0,0,0,0,0,0,0,0,0,1,0,0,0,0,0,0
